"","X","SUBJECT_ID","AGE_in_years","CONDITION_1_1yes","CONDITION_2_1yes","CONDITION_3_1yes","age_c","age_2c","age_3c","GENDER_1female","fieldid","FIELDSITE","berlin","laplata","phoenix","pune","shuar","wiichi","tanna","hadza","T1_choice_1yes"
"1",41,"Bailey-2017-02-17-09-43",9.56,1,0,0,0.319829915356319,0.10229117475683,0.0327157777641753,1,3,"phoenix",0,0,1,0,0,0,0,0,1
"2",42,"Bailey-2017-02-17-11-24",6.21,0,1,0,-1.03083060436607,1.06261173489771,-1.09537269689108,1,3,"phoenix",0,0,1,0,0,0,0,0,0
"3",43,"Bailey-2017-02-17-11-49",7.37,0,0,1,-0.563139200521897,0.317125759164442,-0.178585946480763,1,3,"phoenix",0,0,1,0,0,0,0,0,0
"4",44,"Bailey-2017-02-03-11-01",6.55,0,0,1,-0.893748641170362,0.798786633593868,-0.713914468359567,0,3,"phoenix",0,0,1,0,0,0,0,0,1
"5",45,"Bailey-2017-02-03-11-22",4.99,0,1,0,-1.52271294289183,2.3186547064503,-3.53064553160893,1,3,"phoenix",0,0,1,0,0,0,0,0,0
"6",46,"Bailey-2017-02-03-11-50",4.81,0,1,0,-1.59528574693662,2.54493661437912,-4.05990110777613,1,3,"phoenix",0,0,1,0,0,0,0,0,0
"7",47,"Bailey-2017-02-04-13-21",4.81,0,1,0,-1.59528574693662,2.54493661437912,-4.05990110777613,1,3,"phoenix",0,0,1,0,0,0,0,0,0
"8",48,"Bailey-2017-02-04-13-36",5.87,0,1,0,-1.16791256756177,1.36401976546873,-1.59305582649359,1,3,"phoenix",0,0,1,0,0,0,0,0,0
"9",49,"Bailey-2017-02-04-13-56",7.08,1,0,0,-0.68006205148294,0.462484393867184,-0.314518085672161,1,3,"phoenix",0,0,1,0,0,0,0,0,0
"10",51,"Bailey-2017-02-04-14-39",8.83,0,0,1,0.0255068767302465,0.00065060076053199,1.65947933994941e-05,1,3,"phoenix",0,0,1,0,0,0,0,0,0
"11",52,"Bailey-2017-02-18-13-30",5.44,0,1,0,-1.34128093277987,1.79903454063883,-2.41301072677126,0,3,"phoenix",0,0,1,0,0,0,0,0,0
"12",53,"Bailey-2017-02-18-13-47",7.52,1,0,0,-0.50266186381791,0.252668949336895,-0.127007045002597,1,3,"phoenix",0,0,1,0,0,0,0,0,0
"13",54,"Bailey-2017-02-18-14-13",5.07,0,1,0,-1.49045836331637,2.22146613277971,-3.3110027764256,1,3,"phoenix",0,0,1,0,0,0,0,0,0
"14",55,"Bailey-2017-02-18-14-39",6.23,0,1,0,-1.0227669594722,1.04605225338801,-1.0698676826467,1,3,"phoenix",0,0,1,0,0,0,0,0,0
"15",56,"Bailey-2017-02-18-15-02",5.67,0,1,0,-1.24854901650042,1.55887464660417,-1.94633140686508,1,3,"phoenix",0,0,1,0,0,0,0,0,0
"16",57,"Bailey-2017-02-18-15-23",5.11,1,0,0,-1.47433107352864,2.17365211437211,-3.20468285526004,0,3,"phoenix",0,0,1,0,0,0,0,0,1
"17",58,"Bailey-2017-02-18-15-43",7.09,0,1,0,-0.676030229036007,0.457016870570476,-0.308957219685078,1,3,"phoenix",0,0,1,0,0,0,0,0,0
"18",59,"Bailey-2017-02-24-10-37",4.52,0,0,1,-1.71220859789766,2.93165828271466,-5.01961051776193,1,3,"phoenix",0,0,1,0,0,0,0,0,0
"19",60,"Bailey-2017-02-24-11-06",5.24,0,1,0,-1.42191738171852,2.02184904043325,-2.87490229380294,0,3,"phoenix",0,0,1,0,0,0,0,0,0
"20",61,"Bailey-2017-02-24-12-02",8.01,0,0,1,-0.305102563918218,0.0930875745094703,-0.0284012576517675,1,3,"phoenix",0,0,1,0,0,0,0,0,0
"21",62,"Bailey-2017-02-24-12-23",7.18,1,0,0,-0.639743827013615,0.409272164202026,-0.261829340616749,0,3,"phoenix",0,0,1,0,0,0,0,0,0
"22",63,"Bailey-2017-02-24-12-40",10.68,0,0,1,0.771394029412757,0.59504874861365,0.459017051890102,1,3,"phoenix",0,0,1,0,0,0,0,0,1
"23",64,"Bailey-2017-02-19-13-34",6.04,0,0,1,-1.09937158596392,1.20861788402482,-1.32872015998472,1,3,"phoenix",0,0,1,0,0,0,0,0,1
"24",65,"Bailey-2017-02-19-13-55",5.78,0,0,1,-1.20419896958416,1.45009515834756,-1.74620309548112,1,3,"phoenix",0,0,1,0,0,0,0,0,0
"25",66,"Bailey-2017-02-19-14-18",11.19,1,0,0,0.977016974206314,0.954562167887262,0.932623440961033,1,3,"phoenix",0,0,1,0,0,0,0,0,0
"26",67,"Bailey-2017-02-19-14-34",8.95,0,1,0,0.0738887460934361,0.00545954679926026,0.000403399067235773,1,3,"phoenix",0,0,1,0,0,0,0,0,0
"27",68,"Bailey-2017-02-19-15-13",6.51,0,0,1,-0.909875930958092,0.827874209736854,-0.753262817300515,1,3,"phoenix",0,0,1,0,0,0,0,0,0
"28",69,"Bailey-2017-02-19-15-37",9.53,0,0,1,0.307734448015521,0.0947004904954172,0.0291426031694063,0,3,"phoenix",0,0,1,0,0,0,0,0,0
"29",72,"Bailey-2017-02-25-13-56",5.67,0,0,1,-1.24854901650042,1.55887464660417,-1.94633140686508,0,3,"phoenix",0,0,1,0,0,0,0,0,0
"30",73,"Bailey-2017-02-25-14-21",7.25,1,0,0,-0.611521069885087,0.373958018913402,-0.228683207818031,1,3,"phoenix",0,0,1,0,0,0,0,0,0
"31",74,"Bailey-2017-03-26-14-16",7.14,1,0,0,-0.655871116801345,0.430166921854243,-0.282134059447539,1,3,"phoenix",0,0,1,0,0,0,0,0,1
"32",75,"Bailey-2017-03-26-14-45",5.57,0,1,0,-1.28886724096975,1.66117876484496,-2.14103889140326,1,3,"phoenix",0,0,1,0,0,0,0,0,0
"33",76,"Bailey-2017-03-26-15-20",6.82,0,0,1,-0.784889435103184,0.616051425336596,-0.483532255226952,1,3,"phoenix",0,0,1,0,0,0,0,0,0
"34",77,"Bailey-2017-03-26-15-30",9.44,1,0,0,0.271448045993128,0.0736840416734875,0.0200013891331444,0,3,"phoenix",0,0,1,0,0,0,0,0,0
"35",78,"Bailey-2017-03-26-15-40",7.24,0,1,0,-0.61555289233202,0.378905363258315,-0.23323629227377,0,3,"phoenix",0,0,1,0,0,0,0,0,0
"36",79,"Bailey-2017-03-24-11-53",11.9,0,0,1,1.26327636793852,1.59586718179194,2.01602129712641,0,3,"phoenix",0,0,1,0,0,0,0,0,0
"37",80,"Bailey-2017-03-24-12-10",9.26,1,0,0,0.198875241948344,0.0395513618600122,0.00786578665929641,1,3,"phoenix",0,0,1,0,0,0,0,0,1
"38",81,"Bailey-2017-03-31-09-52",10.67,1,0,0,0.767362206965825,0.588844756679461,0.451857212045806,1,3,"phoenix",0,0,1,0,0,0,0,0,1
"39",82,"RA1-2017-03-31-10-11",8.58,0,1,0,-0.0752886844430658,0.00566838600516754,-0.000426765325244549,0,3,"phoenix",0,0,1,0,0,0,0,0,1
"40",83,"RA1-2017-03-31-10-31",7.18,0,1,0,-0.639743827013615,0.409272164202026,-0.261829340616749,1,3,"phoenix",0,0,1,0,0,0,0,0,0
"41",84,"RA1-2017-03-31-10-51",5.25,1,0,0,-1.41788555927159,2.0103994591909,-2.85051636155418,1,3,"phoenix",0,0,1,0,0,0,0,0,1
"42",85,"RA1-2017-03-31-11-17",4.7,1,0,0,-1.63963579385287,2.68840553648354,-4.40800594601065,0,3,"phoenix",0,0,1,0,0,0,0,0,1
"43",86,"RA1-2017-03-31-12-10",6.21,0,0,1,-1.03083060436607,1.06261173489771,-1.09537269689108,0,3,"phoenix",0,0,1,0,0,0,0,0,0
"44",87,"Bailey-2017-04-02-13-36",12.63,1,0,0,1.55759940656459,2.42611591133037,3.77891670374511,0,3,"phoenix",0,0,1,0,0,0,0,0,1
"45",88,"Bailey-2017-04-01-13-28",8.8,1,0,0,0.0134114093894493,0.000179865901811408,2.41225524439528e-06,1,3,"phoenix",0,0,1,0,0,0,0,0,1
"46",89,"RA2-2017-04-01-14-05",7.36,0,0,1,-0.56717102296883,0.321682969295509,-0.182449258766984,0,3,"phoenix",0,0,1,0,0,0,0,0,0
"47",90,"RA2-2017-04-01-14-53",8.1,0,1,0,-0.268816161895826,0.0722621288964027,-0.0194252281403524,0,3,"phoenix",0,0,1,0,0,0,0,0,0
"48",91,"RA2-2017-04-01-15-15",8.31,0,1,0,-0.184147890510243,0.0339104455793724,-0.00624453701970382,0,3,"phoenix",0,0,1,0,0,0,0,0,0
"49",92,"RA1-2017-04-14-11-14",7.02,0,1,0,-0.704252986164535,0.495972268521664,-0.349289951161181,0,3,"phoenix",0,0,1,0,0,0,0,0,0
"50",93,"RA1-2017-04-14-11-35",11.03,1,0,0,0.912507815055394,0.83267051253717,0.759818350056348,0,3,"phoenix",0,0,1,0,0,0,0,0,1
"51",94,"RA1-2017-04-21-10-57",5.72,1,0,0,-1.22838990426576,1.50894175690204,-1.8535688203035,0,3,"phoenix",0,0,1,0,0,0,0,0,0
"52",95,"RA1-2017-04-21-11-19",9.84,0,1,0,0.432720943870428,0.187247415264114,0.0810258782703855,0,3,"phoenix",0,0,1,0,0,0,0,0,0
"53",96,"RA2-2017-04-22-13-26",5.5,0,1,0,-1.31708999809827,1.73472606309051,-2.2847903471369,1,3,"phoenix",0,0,1,0,0,0,0,0,0
"54",97,"RA1-2017-04-22-13-56",6.05,1,0,0,-1.09533976351699,1.19976919754145,-1.31415490911001,0,3,"phoenix",0,0,1,0,0,0,0,0,1
"55",98,"RA1-2017-04-22-14-22",8.52,0,0,1,-0.099479619124661,0.00989619462118761,-0.000984469671699262,0,3,"phoenix",0,0,1,0,0,0,0,0,0
"56",99,"RA1-2017-04-22-14-50",11.78,0,1,0,1.21489449857533,1.47596864266861,1.79314618404779,1,3,"phoenix",0,0,1,0,0,0,0,0,1
"57",100,"RA1-2017-04-22-15-08",7.96,1,0,0,-0.32526167615288,0.105795157973781,-0.0344111104114109,1,3,"phoenix",0,0,1,0,0,0,0,0,1
"58",101,"Bailey-2017-04-23-14-56",11.56,0,1,0,1.12619440474282,1.26831383727403,1.4283679469959,1,3,"phoenix",0,0,1,0,0,0,0,0,0
"59",109,"Andrew-2017-06-28-09-10",9.78,0,0,1,0.408530009188833,0.166896768407828,0.0681823383312365,1,5,"shuar",0,0,0,0,1,0,0,0,0
"60",110,"Andrew-2017-06-28-09-50",9.24,0,0,1,0.190811597054479,0.0364090655704807,0.00694727194876467,1,5,"shuar",0,0,0,0,1,0,0,0,0
"61",111,"Andrew-2017-06-28-10-32",8.51,0,0,1,-0.103511441571593,0.0107146185362294,-0.00110908561057482,0,5,"shuar",0,0,0,0,1,0,0,0,0
"62",113,"Andrew-2017-06-28-12-01",9.64,0,0,1,0.352084494931779,0.123963491571366,0.043645623319884,0,5,"shuar",0,0,0,0,1,0,0,0,0
"63",115,"Andrew-2017-06-29-09-00",9.38,0,1,0,0.247257111311534,0.0611360790941242,0.0151163303137266,0,5,"shuar",0,0,0,0,1,0,0,0,0
"64",117,"Andrew-2017-06-29-10-12",10.54,0,1,0,0.714948515155702,0.511151379323343,0.365446919667013,1,5,"shuar",0,0,0,0,1,0,0,0,0
"65",118,"Andrew-2017-06-29-10-42",6.59,0,1,0,-0.877621351382632,0.770219236402677,-0.675960847112616,0,5,"shuar",0,0,0,0,1,0,0,0,0
"66",119,"Andrew-2017-06-29-11-42",11.58,0,1,0,1.13425804963668,1.28654132316561,1.45926985199082,1,5,"shuar",0,0,0,0,1,0,0,0,0
"67",120,"Andrew-2017-06-29-12-24",7.99,0,1,0,-0.313166208812083,0.098073074341733,-0.0307131728781461,0,5,"shuar",0,0,0,0,1,0,0,0,0
"68",121,"Andrew-2017-06-30-08-53",12.78,0,0,1,1.61807674326858,2.61817234710666,4.23640378472219,1,5,"shuar",0,0,0,0,1,0,0,0,0
"69",122,"Andrew-2017-06-30-09-20",10.86,0,0,1,0.843966833457542,0.712280015976351,0.601140709618648,1,5,"shuar",0,0,0,0,1,0,0,0,0
"70",125,"Andrew-2017-07-03-08-14",10.59,0,1,0,0.735107627390365,0.540383223847492,0.397239829564086,0,5,"shuar",0,0,0,0,1,0,0,0,0
"71",126,"Andrew-2017-07-03-08-48",10.38,0,1,0,0.650439356004783,0.423071355839917,0.275182260236586,0,5,"shuar",0,0,0,0,1,0,0,0,0
"72",128,"Andrew-2017-07-03-09-44",12,0,1,0,1.30359459240785,1.69935886135498,2.21527502222271,0,5,"shuar",0,0,0,0,1,0,0,0,0
"73",129,"Andrew-2017-07-03-10-10",9.57,0,1,0,0.323861737803251,0.104886425212942,0.033968699941434,1,5,"shuar",0,0,0,0,1,0,0,0,0
"74",132,"Andrew-2017-07-04-09-27",12.5,1,0,0,1.50518571475447,2.26558403590093,3.41012472641386,0,5,"shuar",0,0,0,0,1,0,0,0,1
"75",138,"Alejandro-2017-06-28-09-10",11.59,0,0,1,1.13828987208361,1.29570383288813,1.47488655019648,1,5,"shuar",0,0,0,0,1,0,0,0,0
"76",139,"Alejandro-2017-06-28-09-50",8.43,0,0,1,-0.135766021147053,0.0184324124981021,-0.00250249530500854,1,5,"shuar",0,0,0,0,1,0,0,0,0
"77",140,"Alejandro-2017-06-28-10-33",8.9,0,0,1,0.053729633858774,0.00288687355459792,0.000155110659085124,0,5,"shuar",0,0,0,0,1,0,0,0,0
"78",141,"Alejandro-2017-06-28-11-09",8.08,0,0,1,-0.27687980678969,0.0766624274078963,-0.021226278088727,0,5,"shuar",0,0,0,0,1,0,0,0,0
"79",142,"Alejandro-2017-06-28-12-01",7.84,0,0,1,-0.37364354551607,0.13960949910582,-0.0521641882336211,0,5,"shuar",0,0,0,0,1,0,0,0,0
"80",143,"Alejandro-2017-06-28-12-35",8.56,0,0,1,-0.0833523293369306,0.00694761080589215,-0.00057909954399754,1,5,"shuar",0,0,0,0,1,0,0,0,1
"81",144,"Alejandro-2017-06-29-08-23",6.94,0,0,1,-0.736507565739994,0.542443394392252,-0.399513663955577,0,5,"shuar",0,0,0,0,1,0,0,0,0
"82",145,"Alejandro-2017-06-29-09-02",12.45,0,1,0,1.48502660251981,2.20530401019152,3.27493512177803,1,5,"shuar",0,0,0,0,1,0,0,0,0
"83",146,"Alejandro-2017-06-29-09-37",11.02,0,0,1,0.908475992608462,0.82532862914593,0.74979124559153,1,5,"shuar",0,0,0,0,1,0,0,0,0
"84",147,"Alejandro-2017-06-29-10-14",7.86,0,1,0,-0.365579900622205,0.133648663738941,-0.0488592652079727,0,5,"shuar",0,0,0,0,1,0,0,0,0
"85",148,"Alejandro-2017-06-29-11-11",7.28,0,1,0,-0.59942560254429,0.359311052985585,-0.215380244436707,0,5,"shuar",0,0,0,0,1,0,0,0,0
"86",149,"Alejandro-2017-06-29-11-55",10.23,0,1,0,0.589962019300796,0.348055184217472,0.20533933930905,1,5,"shuar",0,0,0,0,1,0,0,0,1
"87",150,"Alejandro-2017-06-29-12-30",7.52,0,1,0,-0.50266186381791,0.252668949336895,-0.127007045002597,1,5,"shuar",0,0,0,0,1,0,0,0,0
"88",151,"Alejandro-2017-06-30-08-09",7.92,0,1,0,-0.34138896594061,0.116546426065999,-0.0397876638787453,1,5,"shuar",0,0,0,0,1,0,0,0,0
"89",153,"Alejandro-2017-06-30-09-25",9.91,0,0,1,0.460943700998956,0.212469095490615,0.0979362912233444,0,5,"shuar",0,0,0,0,1,0,0,0,0
"90",155,"Alejandro-2017-06-30-10-51",10.53,0,0,1,0.71091669270877,0.505402543971975,0.359299105047155,0,5,"shuar",0,0,0,0,1,0,0,0,0
"91",156,"Alejandro-2017-07-03-08-20",13.3,0,1,0,1.82773151050907,3.34060247450777,6.10572440674242,1,5,"shuar",0,0,0,0,1,0,0,0,1
"92",157,"Alejandro-2017-07-03-08-48",9.36,0,1,0,0.239193466417668,0.0572135143769002,0.0136850988297479,1,5,"shuar",0,0,0,0,1,0,0,0,0
"93",158,"Alejandro-2017-07-03-09-20",9.95,0,1,0,0.477070990786685,0.22759673025019,0.108579797600268,0,5,"shuar",0,0,0,0,1,0,0,0,0
"94",159,"Alejandro-2017-07-03-09-47",10.84,0,1,0,0.835903188563677,0.698734140650923,0.584074096128407,0,5,"shuar",0,0,0,0,1,0,0,0,1
"95",160,"Alejandro-2017-07-03-10-25",15.32,0,1,0,2.64215964478943,6.98100758855383,18.4449365304457,0,5,"shuar",0,0,0,0,1,0,0,0,0
"96",161,"Alejandro-2017-07-04-08-51",6.74,1,0,0,-0.817144014678644,0.667724340725132,-0.545626948478786,0,5,"shuar",0,0,0,0,1,0,0,0,1
"97",162,"Alejandro-2017-07-04-09-32",11.95,1,0,0,1.28343548017318,1.64720663176737,2.11408343438681,1,5,"shuar",0,0,0,0,1,0,0,0,1
"98",164,"Alejandro-2017-07-04-10-57",7.98,1,0,0,-0.317198031259015,0.100614591034595,-0.0319147501921046,0,5,"shuar",0,0,0,0,1,0,0,0,1
"99",175,"Alejandro-2017-07-09-08-54",10.98,0,1,0,0.892348702820732,0.796286207425844,0.710564964270492,0,5,"shuar",0,0,0,0,1,0,0,0,0
"100",176,"Alejandro-2017-07-09-09-21",8.98,1,0,0,0.085984213434234,0.00739328495990391,0.00063570579197249,0,5,"shuar",0,0,0,0,1,0,0,0,1
"101",178,"Alejandro-2017-07-09-10-18",8.17,1,0,0,-0.240593404767298,0.0578851864175209,-0.0139267940857811,0,5,"shuar",0,0,0,0,1,0,0,0,1
"102",179,"Alejandro-2017-07-09-10-39",11.2,1,0,0,0.981048796653247,0.962456741414783,0.944217027995778,1,5,"shuar",0,0,0,0,1,0,0,0,1
"103",187,"Andrew-2017-07-09-08-54",10.18,1,0,0,0.569802907066133,0.324675352901016,0.185000959935721,1,5,"shuar",0,0,0,0,1,0,0,0,1
"104",188,"Andrew-2017-07-09-09-18",7.77,1,0,0,-0.401866302644598,0.161496525201239,-0.0649000114725722,1,5,"shuar",0,0,0,0,1,0,0,0,0
"105",189,"Andrew-2017-07-09-09-44",9.32,1,0,0,0.223066176629939,0.049758519156299,0.0110994426229632,1,5,"shuar",0,0,0,0,1,0,0,0,0
"106",190,"Andrew-2017-07-09-10-08",6.65,1,0,0,-0.853430416701037,0.728343476150505,-0.621590476352607,0,5,"shuar",0,0,0,0,1,0,0,0,0
"107",191,"Andrew-2017-07-09-10-34",10.23,1,0,0,0.589962019300796,0.348055184217472,0.20533933930905,1,5,"shuar",0,0,0,0,1,0,0,0,1
"108",192,"Andrew-2017-07-09-10-57",7.99,1,0,0,-0.313166208812083,0.098073074341733,-0.0307131728781461,0,5,"shuar",0,0,0,0,1,0,0,0,0
"109",196,"Alejandro-2017-07-09-08-30",11.91,0,1,0,1.26730819038545,1.60607004941805,2.03538572796027,0,5,"shuar",0,0,0,0,1,0,0,0,0
"110",201,"Andrew-2017-08-05-15-26",10.31,1,0,0,0.622216598876255,0.387153495917135,0.240893331472612,1,5,"shuar",0,0,0,0,1,0,0,0,0
"111",204,"Alejandro-2017-07-28-16-33",12.77,1,0,0,1.61404492082165,2.60514100643016,4.2048146094528,1,5,"shuar",0,0,0,0,1,0,0,0,1
"112",205,"Andrew-2017-07-28-17-04",10.89,1,0,0,0.85606230079834,0.732842662848148,0.627358976080967,1,5,"shuar",0,0,0,0,1,0,0,0,1
"113",206,"Alejandro-2017-08-04-15-31",11.83,1,0,0,1.23505361080999,1.5253574215748,1.88389819129178,0,5,"shuar",0,0,0,0,1,0,0,0,0
"114",207,"Alejandro-2017-08-06-10-46",7.9,1,0,0,-0.349452610834475,0.122117127219031,-0.0426741489342962,0,5,"shuar",0,0,0,0,1,0,0,0,0
"115",208,"Andrew-2017-08-06-17-51",10.12,0,1,0,0.545611972384538,0.297692424409345,0.162424550845918,1,5,"shuar",0,0,0,0,1,0,0,0,1
"116",209,"Alejandro-2017-08-07-09-26",8.6,0,0,1,-0.067225039549201,0.00451920594239164,-0.000303803798208262,0,5,"shuar",0,0,0,0,1,0,0,0,0
"117",217,"Suheyla-2017-06-20-11-29",7.77,1,0,0,-0.401866302644598,0.161496525201239,-0.0649000114725722,0,4,"pune",0,0,0,1,0,0,0,0,1
"118",218,"Suheyla-2017-06-20-13-06",8.36,0,1,0,-0.163988778275581,0.0268923194003176,-0.00441003860345479,1,4,"pune",0,0,0,1,0,0,0,0,0
"119",219,"Suheyla-2017-06-20-13-36",8.41,1,0,0,-0.143829666040918,0.020686972833442,-0.00297540039403152,1,4,"pune",0,0,0,1,0,0,0,0,1
"120",220,"Suheyla-2017-06-20-13-57",7.88,0,1,0,-0.35751625572834,0.127817873110012,-0.0456969674094516,0,4,"pune",0,0,0,1,0,0,0,0,0
"121",221,"Suheyla-2017-06-20-14-22",8.39,0,0,1,-0.151893310934783,0.0230715779067307,-0.00350441835674311,1,4,"pune",0,0,0,1,0,0,0,0,1
"122",222,"Suheyla-2017-06-20-14-45",8.26,1,0,0,-0.204307002744906,0.0417413513706069,-0.00852805038905065,0,4,"pune",0,0,0,1,0,0,0,0,1
"123",223,"Suheyla-2017-06-20-12-39",7.9,0,0,1,-0.349452610834475,0.122117127219031,-0.0426741489342962,0,4,"pune",0,0,0,1,0,0,0,0,1
"124",224,"Iris-2017-06-20-10-42",7.45,0,1,0,-0.530884620946437,0.281838480757442,-0.149623715025035,0,4,"pune",0,0,0,1,0,0,0,0,0
"125",225,"Iris-2017-06-20-13-02",7.45,0,0,1,-0.530884620946437,0.281838480757442,-0.149623715025035,0,4,"pune",0,0,0,1,0,0,0,0,0
"126",226,"Iris-2017-06-20-13-49",7.41,1,0,0,-0.547011910734167,0.299222030485045,-0.163678014629382,0,4,"pune",0,0,0,1,0,0,0,0,1
"127",227,"Iris-2017-06-20-14-17",7.17,0,0,1,-0.643775649460547,0.414447086838349,-0.26681094249639,1,4,"pune",0,0,0,1,0,0,0,0,0
"128",228,"Iris-2017-06-20-14-56",7.24,0,1,0,-0.61555289233202,0.378905363258315,-0.23323629227377,1,4,"pune",0,0,0,1,0,0,0,0,0
"129",229,"Iris-2017-06-20-12-39",7.73,1,0,0,-0.417993592432327,0.174718643314483,-0.0730312733839231,1,4,"pune",0,0,0,1,0,0,0,0,1
"130",230,"Iris-2017-06-20-09-57",7.55,1,0,0,-0.490566396477113,0.24065538935254,-0.118057447147472,0,4,"pune",0,0,0,1,0,0,0,0,0
"131",231,"Iris-2017-06-20-13-21",7.67,0,1,0,-0.442184527113923,0.195527156018963,-0.0864590830221755,1,4,"pune",0,0,0,1,0,0,0,0,0
"132",232,"Iris-2017-06-21-13-11",6.79,1,0,0,-0.796984902443982,0.635184934723643,-0.50623280323461,0,4,"pune",0,0,0,1,0,0,0,0,1
"133",233,"Iris-2017-06-21-13-45",6.85,0,1,0,-0.772793967762387,0.597210516609933,-0.461520684720415,1,4,"pune",0,0,0,1,0,0,0,0,0
"134",234,"Iris-2017-06-21-14-08",6.66,0,0,1,-0.849398594254104,0.721477971920848,-0.612822375134871,1,4,"pune",0,0,0,1,0,0,0,0,0
"135",235,"Iris-2017-06-21-14-39",6.81,0,1,0,-0.788921257550117,0.622396750614458,-0.491022027189865,0,4,"pune",0,0,0,1,0,0,0,0,1
"136",236,"Suheyla-2017-06-21-11-28",8.71,0,1,0,-0.0228749926329431,0.000523265287957201,-1.19696896070958e-05,0,4,"pune",0,0,0,1,0,0,0,0,0
"137",237,"Suheyla-2017-06-21-11-57",8.35,0,0,1,-0.168020600722513,0.0282309222671542,-0.00474337651827783,0,4,"pune",0,0,0,1,0,0,0,0,0
"138",238,"Suheyla-2017-06-21-13-37",7.86,1,0,0,-0.365579900622205,0.133648663738941,-0.0488592652079727,1,4,"pune",0,0,0,1,0,0,0,0,1
"139",239,"Suheyla-2017-06-21-14-04",8.62,1,0,0,-0.0591613946553362,0.00350007061756444,-0.000207069059127276,1,4,"pune",0,0,0,1,0,0,0,0,1
"140",240,"Suheyla-2017-06-21-14-32",7.74,0,0,1,-0.413961769985395,0.171364347009441,-0.0709382884004197,1,4,"pune",0,0,0,1,0,0,0,0,0
"141",241,"Suheyla-2017-06-22-09-15",6.39,1,0,0,-0.958257800321282,0.918258011876581,-0.879927902588246,1,4,"pune",0,0,0,1,0,0,0,0,0
"142",242,"Suheyla-2017-06-22-09-37",6.68,0,1,0,-0.841334949360239,0.707844497014997,-0.595534314051036,1,4,"pune",0,0,0,1,0,0,0,0,0
"143",243,"Suheyla-2017-06-22-10-15",6.62,0,0,1,-0.865525884041834,0.749135055946399,-0.648395781564736,0,4,"pune",0,0,0,1,0,0,0,0,0
"144",244,"Suheyla-2017-06-22-10-38",6.52,0,0,1,-0.905844108511159,0.820553548924377,-0.74329359801107,1,4,"pune",0,0,0,1,0,0,0,0,0
"145",245,"Suheyla-2017-06-22-12-56",6.5,1,0,0,-0.913907753405024,0.835227381733818,-0.763320780022715,0,4,"pune",0,0,0,1,0,0,0,0,1
"146",246,"Suheyla-2017-06-22-13-39",6.73,0,1,0,-0.821175837125577,0.674329755478892,-0.553743301454064,0,4,"pune",0,0,0,1,0,0,0,0,0
"147",247,"Suheyla-2017-06-22-14-03",6.63,1,0,0,-0.861494061594902,0.74217201816328,-0.63937678632957,1,4,"pune",0,0,0,1,0,0,0,0,0
"148",248,"Suheyla-2017-06-22-14-23",6.52,0,0,1,-0.905844108511159,0.820553548924377,-0.74329359801107,1,4,"pune",0,0,0,1,0,0,0,0,0
"149",249,"Suheyla-2017-06-22-15-02",7.16,0,1,0,-0.64780747190748,0.41965452065916,-0.271855334102756,1,4,"pune",0,0,0,1,0,0,0,0,0
"150",250,"Iris-2017-06-22-10-37",8.39,1,0,0,-0.151893310934783,0.0230715779067307,-0.00350441835674311,0,4,"pune",0,0,0,1,0,0,0,0,1
"151",251,"Iris-2017-06-22-10-57",8.52,0,0,1,-0.099479619124661,0.00989619462118761,-0.000984469671699262,0,4,"pune",0,0,0,1,0,0,0,0,1
"152",252,"Iris-2017-06-22-12-53",8.12,0,1,0,-0.260752517001961,0.0679918751228578,-0.0177290525739682,1,4,"pune",0,0,0,1,0,0,0,0,1
"153",253,"Iris-2017-06-22-13-16",8.43,0,1,0,-0.135766021147053,0.0184324124981021,-0.00250249530500854,0,4,"pune",0,0,0,1,0,0,0,0,0
"154",254,"Iris-2017-06-22-13-41",8.42,1,0,0,-0.139797843593986,0.0195434370735285,-0.00273213035929404,0,4,"pune",0,0,0,1,0,0,0,0,1
"155",255,"Iris-2017-06-22-14-12",9.12,1,0,0,0.142429727691288,0.0202862273302146,0.00288936183452603,1,4,"pune",0,0,0,1,0,0,0,0,1
"156",256,"Iris-2017-06-22-14-32",9.31,0,1,0,0.219034354183006,0.0479760483123666,0.0105084027583519,0,4,"pune",0,0,0,1,0,0,0,0,0
"157",257,"Iris-2017-06-22-14-55",10.65,0,0,1,0.75929856207196,0.576534306364546,0.437761669807755,0,4,"pune",0,0,0,1,0,0,0,0,1
"158",258,"Iris-2017-06-22-09-06",7.34,1,0,0,-0.575234667862695,0.330894923111105,-0.190342231193268,1,4,"pune",0,0,0,1,0,0,0,0,0
"159",259,"Iris-2017-06-22-09-48",8.27,0,1,0,-0.200275180297973,0.0401101478433857,-0.00803306709111243,0,4,"pune",0,0,0,1,0,0,0,0,0
"160",260,"Iris-2017-06-22-10-11",8.37,0,0,1,-0.159956955828648,0.0255862277179682,-0.00409269509690478,1,4,"pune",0,0,0,1,0,0,0,0,0
"161",269,"Suheyla-2017-06-23-09-18",9.18,0,0,1,0.166620662372884,0.0277624451295785,0.0046257969965812,1,4,"pune",0,0,0,1,0,0,0,0,0
"162",270,"Suheyla-2017-06-23-09-42",9.4,0,1,0,0.255320756205399,0.0651886885492966,0.0166440252564446,0,4,"pune",0,0,0,1,0,0,0,0,0
"163",271,"Suheyla-2017-06-23-10-50",9.04,1,0,0,0.110175148115828,0.0121385632623447,0.00133736800534219,1,4,"pune",0,0,0,1,0,0,0,0,0
"164",272,"Suheyla-2017-06-23-10-30",9.71,0,1,0,0.380307252060306,0.144633605969661,0.0550052092418949,1,4,"pune",0,0,0,1,0,0,0,0,0
"165",273,"Suheyla-2017-06-23-10-04",9.53,1,0,0,0.307734448015521,0.0947004904954172,0.0291426031694063,0,4,"pune",0,0,0,1,0,0,0,0,0
"166",274,"Iris-2017-06-23-11-22",10.5,1,0,0,0.698821225367973,0.488351105024795,0.341270117623231,1,4,"pune",0,0,0,1,0,0,0,0,0
"167",276,"Suheyla-2017-06-28-09-31",11.04,1,0,0,0.916539637502327,0.840044907112897,0.76993445465093,1,4,"pune",0,0,0,1,0,0,0,0,0
"168",277,"Suheyla-2017-06-28-10-34",11.02,0,0,1,0.908475992608462,0.82532862914593,0.74979124559153,0,4,"pune",0,0,0,1,0,0,0,0,0
"169",278,"Suheyla-2017-06-27-13-47",10.29,0,0,1,0.61415295398239,0.377183850885295,0.231648576215658,0,4,"pune",0,0,0,1,0,0,0,0,0
"170",279,"Suheyla-2017-06-27-13-03",10.68,0,0,1,0.771394029412757,0.59504874861365,0.459017051890102,1,4,"pune",0,0,0,1,0,0,0,0,0
"171",280,"Suheyla-2017-06-27-11-29",9.95,0,0,1,0.477070990786685,0.22759673025019,0.108579797600268,0,4,"pune",0,0,0,1,0,0,0,0,0
"172",281,"Suheyla-2017-06-27-10-55",10.71,1,0,0,0.783489496753555,0.613855791523139,0.48094956517972,1,4,"pune",0,0,0,1,0,0,0,0,1
"173",282,"Suheyla-2017-06-27-10-34",10.28,0,1,0,0.610121131535458,0.372247795146107,0.227116245986122,1,4,"pune",0,0,0,1,0,0,0,0,0
"174",283,"Suheyla-2017-06-27-10-11",10.45,0,0,1,0.67866211313331,0.460582263802569,0.312579732423975,1,4,"pune",0,0,0,1,0,0,0,0,0
"175",284,"Suheyla-2017-06-27-09-31",10.58,0,1,0,0.731075804943433,0.534471832573688,0.3907394252184,0,4,"pune",0,0,0,1,0,0,0,0,0
"176",285,"Suheyla-2017-06-27-09-02",10.35,1,0,0,0.638343888663985,0.407482920194658,0.260114231841214,0,4,"pune",0,0,0,1,0,0,0,0,1
"177",286,"Suheyla-2017-06-28-10-55",11.04,0,1,0,0.916539637502327,0.840044907112897,0.76993445465093,1,4,"pune",0,0,0,1,0,0,0,0,0
"178",287,"Suheyla-2017-06-28-11-26",10.62,0,1,0,0.747203094731162,0.558312464775826,0.41717280150748,0,4,"pune",0,0,0,1,0,0,0,0,0
"179",288,"Suheyla-2017-06-28-13-31",11.16,1,0,0,0.964921506865517,0.93107351441162,0.898412858528633,0,4,"pune",0,0,0,1,0,0,0,0,0
"180",289,"Suheyla-2017-06-28-14-16",10.53,0,1,0,0.71091669270877,0.505402543971975,0.359299105047155,1,4,"pune",0,0,0,1,0,0,0,0,0
"181",290,"Suheyla-2017-06-28-14-53",11.48,0,1,0,1.09393982516736,1.19670434108719,1.30912253766593,0,4,"pune",0,0,0,1,0,0,0,0,0
"182",298,"Iris-2017-06-27-09-28",9.4,1,0,0,0.255320756205399,0.0651886885492966,0.0166440252564446,0,4,"pune",0,0,0,1,0,0,0,0,1
"183",299,"Iris-2017-06-27-09-50",9.51,0,1,0,0.299670803121656,0.0898025902435782,0.0269112143406981,1,4,"pune",0,0,0,1,0,0,0,0,0
"184",300,"Iris-2017-06-27-10-17",9.15,0,0,1,0.154525195032086,0.0238780358997043,0.00368975815438497,1,4,"pune",0,0,0,1,0,0,0,0,0
"185",301,"Iris-2017-06-27-10-38",9.32,0,0,1,0.223066176629939,0.049758519156299,0.0110994426229632,0,4,"pune",0,0,0,1,0,0,0,0,0
"186",302,"Iris-2017-06-28-11-14",10.38,1,0,0,0.650439356004783,0.423071355839917,0.275182260236586,1,4,"pune",0,0,0,1,0,0,0,0,1
"187",303,"Iris-2017-06-28-13-01",11.74,1,0,0,1.1987672087876,1.43704282086442,1.7226798112759,1,4,"pune",0,0,0,1,0,0,0,0,1
"188",304,"Iris-2017-06-28-13-26",11.21,0,1,0,0.98508061910018,0.970383826126794,0.955906300205783,0,4,"pune",0,0,0,1,0,0,0,0,1
"189",305,"Iris-2017-06-28-13-44",11.41,0,0,1,1.06571706803883,1.13575286910928,1.21039121768383,1,4,"pune",0,0,0,1,0,0,0,0,0
"190",306,"Iris-2017-06-28-14-49",11.36,1,0,0,1.04555795580417,1.09319143894539,1.14299500620636,0,4,"pune",0,0,0,1,0,0,0,0,1
"191",308,"Iris-2017-06-29-09-45",11.63,0,1,0,1.15441716187134,1.33267898362309,1.53846748995976,1,4,"pune",0,0,0,1,0,0,0,0,0
"192",309,"Iris-2017-06-29-10-27",11.88,0,0,1,1.25521272304466,1.57555898009318,1.97766167772023,0,4,"pune",0,0,0,1,0,0,0,0,0
"193",310,"Iris-2017-06-29-11-04",11.78,1,0,0,1.21489449857533,1.47596864266861,1.79314618404779,1,4,"pune",0,0,0,1,0,0,0,0,0
"194",311,"Iris-2017-06-29-12-50",12.38,0,1,0,1.45680384539128,2.12227744394682,3.09174194132891,1,4,"pune",0,0,0,1,0,0,0,0,0
"195",312,"Iris-2017-06-29-13-19",12.13,0,0,1,1.35600828421797,1.83875846686776,2.49337171374862,0,4,"pune",0,0,0,1,0,0,0,0,0
"196",313,"Iris-2017-06-29-14-15",12.24,0,0,1,1.40035833113423,1.96100345557704,2.74610752640031,1,4,"pune",0,0,0,1,0,0,0,0,0
"197",314,"Iris-2017-06-29-14-33",12.58,1,0,0,1.53744029432993,2.3637226586293,3.63408245999737,0,4,"pune",0,0,0,1,0,0,0,0,1
"198",315,"Jahnavi-2017-06-23-10-15",5.37,1,0,0,-1.3695036899084,1.87554035667271,-2.56855943903539,0,4,"pune",0,0,0,1,0,0,0,0,0
"199",316,"Jahnavi-2017-06-23-10-57",5.47,0,1,0,-1.32918546543907,1.76673400153448,-2.34831715613664,0,4,"pune",0,0,0,1,0,0,0,0,1
"200",317,"Jahnavi-2017-06-23-11-30",5.42,0,0,1,-1.34934457767373,1.82073078929751,-2.45679321794221,0,4,"pune",0,0,0,1,0,0,0,0,0
"201",318,"Jahnavi-2017-06-27-09-45",5.76,1,0,0,-1.21226261447803,1.46958064646111,-1.78151767666525,0,4,"pune",0,0,0,1,0,0,0,0,0
"202",319,"Jahnavi-2017-06-27-10-29",5.17,0,1,0,-1.45014013884705,2.10290642229533,-3.04950901120969,1,4,"pune",0,0,0,1,0,0,0,0,0
"203",320,"Jahnavi-2017-06-29-09-46",5.55,1,0,0,-1.29693088586361,1.68202972270697,-2.18147629831928,1,4,"pune",0,0,0,1,0,0,0,0,1
"204",321,"Jahnavi-2017-06-29-10-17",4.96,0,1,0,-1.53480841023263,2.35563685612081,-3.61545125822816,0,4,"pune",0,0,0,1,0,0,0,0,0
"205",322,"Jahnavi-2017-07-03-10-24",5.2,0,1,0,-1.43804467150625,2.06797247724751,-2.97383680172736,0,4,"pune",0,0,0,1,0,0,0,0,0
"206",323,"Jahnavi-2017-07-03-11-47",4.11,1,0,0,-1.87751331822189,3.52505626010057,-6.61834007582027,0,4,"pune",0,0,0,1,0,0,0,0,0
"207",324,"Suheyla-2017-06-29-13-01",12.47,0,0,1,1.49309024741367,2.22931848692183,3.32857369120199,0,4,"pune",0,0,0,1,0,0,0,0,0
"208",325,"Suheyla-2017-06-29-13-20",12.43,0,1,0,1.47696295762594,2.18141957819917,3.22187591204019,1,4,"pune",0,0,0,1,0,0,0,0,0
"209",326,"Suheyla-2017-06-29-13-52",12.59,1,0,0,1.54147211677686,2.37613628680054,3.66274783176475,0,4,"pune",0,0,0,1,0,0,0,0,1
"210",327,"Suheyla-2017-06-29-14-18",12.66,0,0,1,1.56969487390539,2.46394199716486,3.86763712254989,1,4,"pune",0,0,0,1,0,0,0,0,1
"211",328,"Suheyla-2017-07-03-09-34",12.38,0,0,1,1.45680384539128,2.12227744394682,3.09174194132891,1,4,"pune",0,0,0,1,0,0,0,0,1
"212",329,"Suheyla-2017-07-03-10-11",13.34,1,0,0,1.8438588002968,3.39981527543196,6.2687793149887,0,4,"pune",0,0,0,1,0,0,0,0,0
"213",330,"Suheyla-2017-07-03-10-37",13.14,0,1,0,1.76322235135815,3.10895306032897,5.48177552529536,1,4,"pune",0,0,0,1,0,0,0,0,0
"214",331,"Suheyla-2017-07-03-10-59",13.34,0,0,1,1.8438588002968,3.39981527543196,6.2687793149887,0,4,"pune",0,0,0,1,0,0,0,0,0
"215",332,"Suheyla-2017-07-03-11-29",13.62,1,0,0,1.95674982881091,3.82886989255152,7.49214050678944,1,4,"pune",0,0,0,1,0,0,0,0,1
"216",333,"Suheyla-2017-07-03-11-56",13.21,0,1,0,1.79144510848668,3.20927557672085,5.74924103370232,0,4,"pune",0,0,0,1,0,0,0,0,0
"217",334,"Iris-2017-06-23-09-35",6.42,1,0,0,-0.946162332980484,0.895223160351073,-0.847026433935933,0,4,"pune",0,0,0,1,0,0,0,0,1
"218",335,"Iris-2017-06-23-10-09",6.48,1,0,0,-0.921971398298889,0.850031259281209,-0.783704508717261,1,4,"pune",0,0,0,1,0,0,0,0,0
"219",336,"Iris-2017-06-23-10-29",6.72,0,0,1,-0.825207659572509,0.680967681417139,-0.561939746626755,0,4,"pune",0,0,0,1,0,0,0,0,0
"220",337,"Iris-2017-06-27-13-03",9.31,0,1,0,0.219034354183006,0.0479760483123666,0.0105084027583519,1,4,"pune",0,0,0,1,0,0,0,0,0
"221",338,"Iris-2017-06-27-13-30",9.28,0,0,1,0.206938886842208,0.0428237028874923,0.00886188940599912,0,4,"pune",0,0,0,1,0,0,0,0,1
"222",339,"Iris-2017-06-27-14-00",9.58,1,0,0,0.327893560250183,0.107514186853541,0.0352532095048109,1,4,"pune",0,0,0,1,0,0,0,0,1
"223",340,"Iris-2017-06-27-15-00",10.06,0,1,0,0.521421037702943,0.271879898559214,0.141763898837316,1,4,"pune",0,0,0,1,0,0,0,0,0
"224",341,"Iris-2017-07-03-09-44",12.4,1,0,0,1.46486749028515,2.1458367640943,3.14336651518042,0,4,"pune",0,0,0,1,0,0,0,0,1
"225",342,"Iris-2017-07-03-10-18",12.51,0,1,0,1.5092175372014,2.27773757459627,3.43760149272328,1,4,"pune",0,0,0,1,0,0,0,0,0
"226",343,"Iris-2017-07-03-10-37",13.35,0,0,1,1.84789062274373,3.41469975362422,6.30999165420753,1,4,"pune",0,0,0,1,0,0,0,0,0
"227",344,"Iris-2017-07-03-11-03",13.76,1,0,0,2.01319534306796,4.05295548935054,8.15939111682225,0,4,"pune",0,0,0,1,0,0,0,0,1
"228",345,"Iris-2017-07-03-11-30",13.92,0,1,0,2.07770450221888,4.31685599854062,8.96915114359846,0,4,"pune",0,0,0,1,0,0,0,0,1
"229",346,"Iris-2017-07-04-10-10",12.9,0,1,0,1.66645861263177,2.77708430761461,4.6278960624289,0,4,"pune",0,0,0,1,0,0,0,0,0
"230",347,"Iris-2017-07-04-10-39",13.53,1,0,0,1.92046342678852,3.6881797736323,7.08301436668198,1,4,"pune",0,0,0,1,0,0,0,0,0
"231",348,"Iris-2017-07-04-10-59",13.21,0,0,1,1.79144510848668,3.20927557672085,5.74924103370232,0,4,"pune",0,0,0,1,0,0,0,0,0
"232",349,"Iris-2017-07-04-11-21",13.65,0,1,0,1.96884529615171,3.87635180017871,7.63193700801105,1,4,"pune",0,0,0,1,0,0,0,0,0
"233",350,"Suheyla-2017-06-29-09-44",11.3,0,0,1,1.02136702112257,1.0431905918368,1.06548046724744,1,4,"pune",0,0,0,1,0,0,0,0,1
"234",351,"Suheyla-2017-06-29-10-09",11.73,0,1,0,1.19473538634067,1.42739264337459,1.70535650124197,1,4,"pune",0,0,0,1,0,0,0,0,0
"235",352,"Suheyla-2017-06-29-10-53",11.99,0,0,1,1.29956276996091,1.68886339306848,2.19478398918167,0,4,"pune",0,0,0,1,0,0,0,0,0
"236",353,"Suheyla-2017-06-29-11-20",12.6,1,0,0,1.5455039392238,2.38858242615627,3.69156354878525,1,4,"pune",0,0,0,1,0,0,0,0,1
"237",354,"Iris-2017-07-04-11-39",13.67,0,1,0,1.97690894104557,3.90816896118593,7.72609416248525,0,4,"pune",0,0,0,1,0,0,0,0,0
"238",355,"Iris-2017-07-04-11-57",13.57,0,0,1,1.93659071657625,3.7503836035293,7.26295807019463,1,4,"pune",0,0,0,1,0,0,0,0,0
"239",356,"Suheyla-2017-06-29-11-38",12.12,0,1,0,1.35197646177104,1.82784035318293,2.47119713337858,0,4,"pune",0,0,0,1,0,0,0,0,0
"240",358,"Suheyla-2017-07-04-12-13",13.3,0,0,1,1.82773151050907,3.34060247450777,6.10572440674242,1,4,"pune",0,0,0,1,0,0,0,0,0
"241",359,"Suheyla-2017-07-04-11-53",13.24,1,0,0,1.80354057582748,3.2527586086561,5.8664821340834,0,4,"pune",0,0,0,1,0,0,0,0,0
"242",360,"Suheyla-2017-07-04-11-14",11.85,0,1,0,1.24311725570386,1.54534051142869,1.92103945569523,0,4,"pune",0,0,0,1,0,0,0,0,0
"243",361,"Suheyla-2017-07-04-10-35",7.45,1,0,0,-0.530884620946437,0.281838480757442,-0.149623715025035,1,4,"pune",0,0,0,1,0,0,0,0,1
"244",362,"Suheyla-2017-07-04-10-08",7.7,0,0,1,-0.430089059773125,0.184976599336531,-0.0795564116886786,0,4,"pune",0,0,0,1,0,0,0,0,0
"245",365,"Suheyla-2017-06-22-11-02",6.32,0,1,0,-0.986480557449809,0.973143890226486,-0.959987527309499,0,4,"pune",0,0,0,1,0,0,0,0,0
"246",366,"Iris-2017-06-28-10-52",10.37,0,1,0,0.64640753355785,0.417842699440343,0.270096668760386,0,4,"pune",0,0,0,1,0,0,0,0,0
"247",367,"Iris-2017-06-29-11-24",12.44,0,1,0,1.48099478007288,2.19334553860311,3.24833329356733,0,4,"pune",0,0,0,1,0,0,0,0,0
"248",368,"Iris-2017-06-28-09-40",10.63,1,0,0,0.751234917178095,0.56435390078758,0.423962355917292,0,4,"pune",0,0,0,1,0,0,0,0,0
"249",369,"Iris-2017-06-28-10-08",10.26,0,0,1,0.602057486641593,0.362473217221192,0.218229714135083,1,4,"pune",0,0,0,1,0,0,0,0,0
"250",370,"Iris-2017-06-20-11-07",7.09,0,0,1,-0.676030229036007,0.457016870570476,-0.308957219685078,1,4,"pune",0,0,0,1,0,0,0,0,1
"251",371,"Iris-2017-06-21-15-07",6.86,0,0,1,-0.768762145315454,0.59099523607002,-0.454334765552402,0,4,"pune",0,0,0,1,0,0,0,0,1
"252",379,"Iris-2017-06-29-10-44",11.88,0,0,1,1.25521272304466,1.57555898009318,1.97766167772023,1,4,"pune",0,0,0,1,0,0,0,0,0
"253",380,"Iris-2017-06-23-09-13",6.39,0,1,0,-0.958257800321282,0.918258011876581,-0.879927902588246,1,4,"pune",0,0,0,1,0,0,0,0,0
"254",382,"Jahnavi-2017-06-22-09-09",5.78,1,0,0,-1.20419896958416,1.45009515834756,-1.74620309548112,1,4,"pune",0,0,0,1,0,0,0,0,0
"255",383,"Jahnavi-2017-06-22-09-45",5.55,1,0,0,-1.29693088586361,1.68202972270697,-2.18147629831928,0,4,"pune",0,0,0,1,0,0,0,0,0
"256",384,"Jahnavi-2017-06-22-10-20",5.59,0,1,0,-1.28080359607588,1.64045785172091,-2.10110431569505,0,4,"pune",0,0,0,1,0,0,0,0,1
"257",385,"Jahnavi-2017-06-22-11-50",5.09,0,0,1,-1.48239471842251,2.19749410120694,-3.25755364939378,0,4,"pune",0,0,0,1,0,0,0,0,1
"258",386,"Jahnavi-2017-06-22-11-03",5.51,0,1,0,-1.31305817565134,1.72412177264483,-2.26387218938977,1,4,"pune",0,0,0,1,0,0,0,0,0
"259",387,"Jahnavi-2017-06-23-09-02",4.95,0,0,1,-1.53884023267956,2.36802926171328,-3.64401870008688,1,4,"pune",0,0,0,1,0,0,0,0,1
"260",388,"Jahnavi-2017-06-23-09-38",5.1,0,0,1,-1.47836289597557,2.18555685219728,-3.23104615733363,1,4,"pune",0,0,0,1,0,0,0,0,1
"261",389,"Jahnavi-2017-06-27-09-06",4.99,1,0,0,-1.52271294289183,2.3186547064503,-3.53064553160893,0,4,"pune",0,0,0,1,0,0,0,0,0
"262",390,"Jahnavi-2017-06-27-10-58",5.49,0,0,1,-1.32112182054521,1.74536286472068,-2.30583696535178,0,4,"pune",0,0,0,1,0,0,0,0,0
"263",391,"Jahnavi-2017-06-27-11-29",4.9,1,0,0,-1.55899934491422,2.43047895744298,-3.7891151024814,0,4,"pune",0,0,0,1,0,0,0,0,0
"264",392,"Jahnavi-2017-06-29-09-19",5.39,0,0,1,-1.36144004501453,1.85351899616917,-2.52345498557984,1,4,"pune",0,0,0,1,0,0,0,0,1
"265",393,"Jahnavi-2017-06-29-10-40",4.98,0,1,0,-1.52674476533876,2.33094957848931,-3.55876506722715,0,4,"pune",0,0,0,1,0,0,0,0,0
"266",394,"Jahnavi-2017-06-30-09-11",5.22,0,1,0,-1.42998102661238,2.04484573647141,-2.92409060550333,0,4,"pune",0,0,0,1,0,0,0,0,0
"267",395,"Jahnavi-2017-06-30-09-45",4.87,1,0,0,-1.57109481225502,2.46833890909464,-3.8779944549658,1,4,"pune",0,0,0,1,0,0,0,0,0
"268",396,"Jahnavi-2017-06-30-10-24",4.97,0,0,1,-1.5307765877857,2.34327696171282,-3.58703351168758,0,4,"pune",0,0,0,1,0,0,0,0,0
"269",397,"Jahnavi-2017-06-30-10-41",4.92,0,0,1,-1.55093570002036,2.40540154559764,-3.73062312995152,0,4,"pune",0,0,0,1,0,0,0,0,1
"270",398,"Jahnavi-2017-06-30-11-15",5.65,0,1,0,-1.25661266139429,1.57907538077643,-1.98428611677967,1,4,"pune",0,0,0,1,0,0,0,0,0
"271",400,"Jahnavi-2017-07-03-10-01",5.23,1,0,0,-1.42594920416545,2.03333113286008,-2.89942691070667,0,4,"pune",0,0,0,1,0,0,0,0,0
"272",556,"Noe-2017-06-01-14-44",10.08,1,0,0,0.529484682596808,0.280354029104642,0.148443164115208,1,2,"laplata",0,1,0,0,0,0,0,0,1
"273",557,"Noe-2017-06-01-15-19",10.24,0,1,0,0.593993841747728,0.352828684034225,0.209578065508284,1,2,"laplata",0,1,0,0,0,0,0,0,0
"274",558,"Noe-2017-06-05-14-14",5.13,0,0,1,-1.46626742863478,2.14994017227524,-3.15238724812062,0,2,"laplata",0,1,0,0,0,0,0,0,0
"275",560,"Noe-2017-06-06-13-42",5.02,1,0,0,-1.51061747555103,2.28196515744018,-3.44717644542769,0,2,"laplata",0,1,0,0,0,0,0,0,0
"276",561,"Noe-2017-06-06-14-07",5.6,1,0,0,-1.27677177362895,1.63014616193561,-2.08132460644895,1,2,"laplata",0,1,0,0,0,0,0,0,1
"277",563,"Noe-2017-06-07-10-48",5.43,1,0,0,-1.3453127552268,1.80986640937593,-2.43483636578996,0,2,"laplata",0,1,0,0,0,0,0,0,0
"278",564,"Noe-2017-06-07-11-14",5.47,1,0,0,-1.32918546543907,1.76673400153448,-2.34831715613664,0,2,"laplata",0,1,0,0,0,0,0,0,0
"279",565,"Noe-2017-06-07-11-33",5.74,1,0,0,-1.22032625937189,1.4891961793126,-1.81730520297146,0,2,"laplata",0,1,0,0,0,0,0,0,0
"280",566,"Noe-2017-06-07-11-46",5.64,0,0,1,-1.26064448384122,1.58922451463929,-2.00344711796526,0,2,"laplata",0,1,0,0,0,0,0,0,1
"281",567,"Noe-2017-06-07-12-04",5.73,0,1,0,-1.22435808181883,1.49905271251507,-1.83537730364026,1,2,"laplata",0,1,0,0,0,0,0,0,1
"282",568,"Noe-2017-06-08-14-08",8.31,0,0,1,-0.184147890510243,0.0339104455793724,-0.00624453701970382,0,2,"laplata",0,1,0,0,0,0,0,0,0
"283",569,"Noe-2017-06-08-14-40",5.97,0,0,1,-1.12759434309245,1.27146900257409,-1.43370125471993,1,2,"laplata",0,1,0,0,0,0,0,0,0
"284",570,"Noe-2017-06-08-14-52",6.63,0,1,0,-0.861494061594902,0.74217201816328,-0.63937678632957,1,2,"laplata",0,1,0,0,0,0,0,0,0
"285",571,"Julia-2017-06-08-08-43",6.72,1,0,0,-0.825207659572509,0.680967681417139,-0.561939746626755,1,6,"wiichi",0,0,0,0,0,1,0,0,0
"286",572,"Julia-2017-06-08-10-21",6.56,1,0,0,-0.889716818723429,0.79159601751934,-0.704296290421443,1,6,"wiichi",0,0,0,0,0,1,0,0,1
"287",573,"Julia-2017-06-08-11-21",7.32,1,0,0,-0.58329831275656,0.340236921664649,-0.198459622344476,1,6,"wiichi",0,0,0,0,0,1,0,0,0
"288",575,"Julia-2017-06-08-12-27",9.13,1,0,0,0.146461550138222,0.0214509856688908,0.00314174461305852,0,6,"wiichi",0,0,0,0,0,1,0,0,0
"289",578,"Julia-2017-06-09-10-19",8.89,0,1,0,0.0496978114118416,0.00246987245912698,0.000122747255684994,0,6,"wiichi",0,0,0,0,0,1,0,0,0
"290",579,"Julia-2017-06-09-11-28",8.54,0,1,0,-0.0914159742307962,0.00835688034456559,-0.000763952358228655,0,6,"wiichi",0,0,0,0,0,1,0,0,0
"291",580,"Carla-2017-06-07-10-50",9.3,1,0,0,0.215002531736074,0.0462260886529215,0.00993872609263431,1,6,"wiichi",0,0,0,0,0,1,0,0,1
"292",581,"Carla-2017-06-07-11-18",8.95,1,0,0,0.0738887460934361,0.00545954679926026,0.000403399067235773,0,6,"wiichi",0,0,0,0,0,1,0,0,0
"293",582,"Carla-2017-06-07-11-49",9.15,1,0,0,0.154525195032086,0.0238780358997043,0.00368975815438497,1,6,"wiichi",0,0,0,0,0,1,0,0,0
"294",583,"Carla-2017-06-07-14-22",7.2,1,0,0,-0.63168018211975,0.39901985248284,-0.252052933085756,1,6,"wiichi",0,0,0,0,0,1,0,0,0
"295",584,"Carla-2017-06-07-14-50",7.72,1,0,0,-0.42202541487926,0.178105450804012,-0.0751650267678207,1,6,"wiichi",0,0,0,0,0,1,0,0,0
"296",587,"Carla-2017-06-08-10-07",8.02,1,0,0,-0.301070741471286,0.0906435913700697,-0.0272901332634071,1,6,"wiichi",0,0,0,0,0,1,0,0,1
"297",588,"Carla-2017-06-08-11-02",8.94,1,0,0,0.0698569236465037,0.00487998978135344,0.000340901073551726,1,6,"wiichi",0,0,0,0,0,1,0,0,1
"298",589,"Carla-2017-06-08-11-35",8.46,1,0,0,-0.123670553806255,0.0152944058787459,-0.00189146764516216,1,6,"wiichi",0,0,0,0,0,1,0,0,1
"299",590,"Carla-2017-06-08-12-07",8.93,0,1,0,0.0658251011995713,0.0043329439479338,0.000285216473864812,1,6,"wiichi",0,0,0,0,0,1,0,0,0
"300",591,"Carla-2017-06-08-14-12",8.78,0,1,0,0.00534776449558374,2.8598585100226e-05,1.52938498022919e-07,1,6,"wiichi",0,0,0,0,0,1,0,0,0
"301",592,"Carla-2017-06-08-15-07",8.27,0,1,0,-0.200275180297973,0.0401101478433857,-0.00803306709111243,0,6,"wiichi",0,0,0,0,0,1,0,0,1
"302",593,"Carla-2017-06-09-09-00",8.24,0,1,0,-0.21237064763877,0.0451012919785108,-0.00957819058682162,1,6,"wiichi",0,0,0,0,0,1,0,0,0
"303",594,"Carla-2017-06-09-09-36",8.69,0,0,1,-0.0309386375268086,0.000957199292015251,-2.96144419365777e-05,1,6,"wiichi",0,0,0,0,0,1,0,0,0
"304",595,"Carla-2017-06-09-10-08",6.47,0,1,0,-0.926003220745822,0.857481964831635,-0.79403106116555,1,6,"wiichi",0,0,0,0,0,1,0,0,0
"305",596,"Carla-2017-06-09-10-43",8.73,0,0,1,-0.0148113477390783,0.0002193760218479,-3.24925454520488e-06,1,6,"wiichi",0,0,0,0,0,1,0,0,0
"306",597,"Carla-2017-06-09-11-30",9.02,0,0,1,0.102111503221964,0.0104267590902491,0.00106469204443861,1,6,"wiichi",0,0,0,0,0,1,0,0,0
"307",598,"Carla-2017-06-09-12-02",8.77,0,0,1,0.00131594204865134,1.73170347540867e-06,2.27882141908593e-09,1,6,"wiichi",0,0,0,0,0,1,0,0,0
"308",599,"Carla-2017-06-09-14-22",9.09,0,0,1,0.130334260350491,0.0169870194211096,0.00221399061180975,0,6,"wiichi",0,0,0,0,0,1,0,0,0
"309",600,"Carla-2017-06-12-09-03",9.25,1,0,0,0.194843419501411,0.0379639581230029,0.00739702741849425,0,6,"wiichi",0,0,0,0,0,1,0,0,1
"310",601,"Carla-2017-06-12-09-38",10.36,0,1,0,0.642375711110918,0.412646554225257,0.265074123707919,0,6,"wiichi",0,0,0,0,0,1,0,0,1
"311",602,"Carla-2017-06-12-10-21",8.46,0,0,1,-0.123670553806255,0.0152944058787459,-0.00189146764516216,0,6,"wiichi",0,0,0,0,0,1,0,0,0
"312",604,"Carla-2017-06-12-14-14",10.93,1,0,0,0.87218959058607,0.760714681926696,0.663487426982457,0,6,"wiichi",0,0,0,0,0,1,0,0,1
"313",605,"Carla-2017-06-12-14-43",10.55,1,0,0,0.718980337602635,0.516932725859199,0.371664465756098,0,6,"wiichi",0,0,0,0,0,1,0,0,1
"314",606,"Carla-2017-06-12-15-13",10.38,1,0,0,0.650439356004783,0.423071355839917,0.275182260236586,0,6,"wiichi",0,0,0,0,0,1,0,0,1
"315",607,"Carla-2017-06-13-09-27",11.41,1,0,0,1.06571706803883,1.13575286910928,1.21039121768383,1,6,"wiichi",0,0,0,0,0,1,0,0,1
"316",608,"Carla-2017-06-13-10-05",10.74,1,0,0,0.795584964094353,0.632955435093012,0.503569827101799,1,6,"wiichi",0,0,0,0,0,1,0,0,1
"317",609,"Carla-2017-06-13-10-37",10.83,1,0,0,0.831871366116745,0.692009969764939,0.575663278914767,1,6,"wiichi",0,0,0,0,0,1,0,0,0
"318",610,"Carla-2017-06-13-11-09",10.19,0,1,0,0.573834729513065,0.329286296795333,0.188955913053909,1,6,"wiichi",0,0,0,0,0,1,0,0,0
"319",611,"Carla-2017-06-13-12-11",11.42,0,1,0,1.06974889048576,1.14436268869552,1.22418071654533,1,6,"wiichi",0,0,0,0,0,1,0,0,0
"320",612,"Carla-2017-06-13-13-53",11.23,0,0,1,0.993144263994045,0.986335529104273,0.979573473103439,1,6,"wiichi",0,0,0,0,0,1,0,0,0
"321",613,"Carla-2017-06-13-14-16",11.56,0,0,1,1.12619440474282,1.26831383727403,1.4283679469959,1,6,"wiichi",0,0,0,0,0,1,0,0,0
"322",614,"Carla-2017-06-13-14-44",10.96,0,0,1,0.884285057926868,0.781960063672724,0.691475600201331,0,6,"wiichi",0,0,0,0,0,1,0,0,1
"323",615,"Carla-2017-06-14-09-13",11.18,0,0,1,0.972985151759382,0.946700105544227,0.921125145863573,0,6,"wiichi",0,0,0,0,0,1,0,0,0
"324",616,"Carla-2017-06-14-09-46",10.44,0,0,1,0.674630290686377,0.455126029111586,0.307041805318486,0,6,"wiichi",0,0,0,0,0,1,0,0,1
"325",617,"Carla-2017-06-14-10-08",11.98,0,0,1,1.29553094751398,1.67840043596647,2.17441970711553,0,6,"wiichi",0,0,0,0,0,1,0,0,1
"326",618,"Carla-2017-06-14-10-29",10.48,0,0,1,0.690757580474108,0.477146034982444,0.329592240657287,0,6,"wiichi",0,0,0,0,0,1,0,0,0
"327",619,"Carla-2017-06-14-11-02",12.13,1,0,0,1.35600828421797,1.83875846686776,2.49337171374862,0,6,"wiichi",0,0,0,0,0,1,0,0,1
"328",620,"Carla-2017-06-14-11-27",12.27,1,0,0,1.41245379847502,1.99502573282652,2.81788167438624,0,6,"wiichi",0,0,0,0,0,1,0,0,1
"329",621,"Carla-2017-06-14-13-30",12.01,1,0,0,1.30762641485478,1.70988684082596,2.23589319947662,1,6,"wiichi",0,0,0,0,0,1,0,0,1
"330",622,"Carla-2017-06-14-14-03",12.48,1,0,0,1.49712206986061,2.24137449206371,3.35561121889118,0,6,"wiichi",0,0,0,0,0,1,0,0,0
"331",623,"Carla-2017-06-14-14-51",12.44,1,0,0,1.48099478007288,2.19334553860311,3.24833329356733,0,6,"wiichi",0,0,0,0,0,1,0,0,0
"332",624,"Carla-2017-06-15-09-16",12.71,0,1,0,1.58985398614005,2.52763569724542,4.01857168877552,0,6,"wiichi",0,0,0,0,0,1,0,0,0
"333",625,"Carla-2017-06-15-09-40",12.74,0,1,0,1.60194945348085,2.5662420515076,4.11099005191217,0,6,"wiichi",0,0,0,0,0,1,0,0,0
"334",626,"Carla-2017-06-15-11-23",8.9,0,0,1,0.053729633858774,0.00288687355459792,0.000155110659085124,0,6,"wiichi",0,0,0,0,0,1,0,0,0
"335",627,"Carla-2017-06-15-12-00",8.56,0,0,1,-0.0833523293369306,0.00694761080589215,-0.00057909954399754,0,6,"wiichi",0,0,0,0,0,1,0,0,0
"336",628,"Carla-2017-06-15-13-40",12.04,0,1,0,1.31972188219558,1.74166584634583,2.29851452889528,0,6,"wiichi",0,0,0,0,0,1,0,0,0
"337",629,"Carla-2017-06-15-14-09",12.3,0,1,0,1.42454926581582,2.0293406107364,2.89089567711476,0,6,"wiichi",0,0,0,0,0,1,0,0,0
"338",630,"Carla-2017-06-15-14-36",12.93,0,1,0,1.67855407997257,2.81754379939255,4.72939963997178,0,6,"wiichi",0,0,0,0,0,1,0,0,0
"339",631,"Carla-2017-06-16-13-45",12.15,0,1,0,1.36407192911183,1.86069222779088,2.5381180366461,1,6,"wiichi",0,0,0,0,0,1,0,0,0
"340",632,"Carla-2017-06-16-14-22",12.45,0,0,1,1.48502660251981,2.20530401019152,3.27493512177803,1,6,"wiichi",0,0,0,0,0,1,0,0,0
"341",633,"Julia-2017-06-12-08-56",9.21,0,1,0,0.178716129713682,0.0319394550198374,0.00570809578630956,1,6,"wiichi",0,0,0,0,0,1,0,0,0
"342",634,"Julia-2017-06-12-09-35",9.83,0,0,1,0.428689121423496,0.183774362826849,0.0787820701404045,1,6,"wiichi",0,0,0,0,0,1,0,0,0
"343",635,"Julia-2017-06-12-10-11",10.35,1,0,0,0.638343888663985,0.407482920194658,0.260114231841214,1,6,"wiichi",0,0,0,0,0,1,0,0,0
"344",636,"Julia-2017-06-12-10-44",11.75,1,0,0,1.20279903123453,1.44672550953873,1.74012004133548,1,6,"wiichi",0,0,0,0,0,1,0,0,1
"345",637,"Julia-2017-06-12-11-13",11.9,1,0,0,1.26327636793852,1.59586718179194,2.01602129712641,0,6,"wiichi",0,0,0,0,0,1,0,0,1
"346",638,"Julia-2017-06-12-11-29",11.73,0,1,0,1.19473538634067,1.42739264337459,1.70535650124197,0,6,"wiichi",0,0,0,0,0,1,0,0,0
"347",639,"Julia-2017-06-12-11-57",11.73,0,1,0,1.19473538634067,1.42739264337459,1.70535650124197,1,6,"wiichi",0,0,0,0,0,1,0,0,0
"348",640,"Julia-2017-06-13-10-42",10.16,0,1,0,0.561739262172268,0.315550998665844,0.177257385168273,0,6,"wiichi",0,0,0,0,0,1,0,0,0
"349",641,"Julia-2017-06-13-11-09",10.21,0,1,0,0.581898374406931,0.338605718137429,0.197034116949061,0,6,"wiichi",0,0,0,0,0,1,0,0,0
"350",642,"Julia-2017-06-13-11-33",10.89,0,1,0,0.85606230079834,0.732842662848148,0.627358976080967,0,6,"wiichi",0,0,0,0,0,1,0,0,0
"351",643,"Julia-2017-06-13-12-04",11.92,0,1,0,1.27134001283239,1.61630542822865,2.05487376386527,0,6,"wiichi",0,0,0,0,0,1,0,0,0
"352",645,"Julia-2017-06-14-10-16",10.72,0,1,0,0.787521319200488,0.620189828195276,0.488412711655068,1,6,"wiichi",0,0,0,0,0,1,0,0,0
"353",646,"Julia-2017-06-14-10-46",10.6,0,0,1,0.739139449837297,0.546327126305783,0.403811931568848,1,6,"wiichi",0,0,0,0,0,1,0,0,1
"354",647,"Julia-2017-06-14-11-15",10.56,0,0,1,0.723012160049568,0.522746583579542,0.377952136552376,1,6,"wiichi",0,0,0,0,0,1,0,0,0
"355",648,"Julia-2017-06-15-13-42",12.64,0,1,0,1.56163122901153,2.43869209542405,3.80833773415775,1,6,"wiichi",0,0,0,0,0,1,0,0,0
"356",649,"Julia-2017-06-15-14-07",12.15,1,0,0,1.36407192911183,1.86069222779088,2.5381180366461,1,6,"wiichi",0,0,0,0,0,1,0,0,1
"357",650,"Julia-2017-06-15-14-24",12.23,1,0,0,1.39632650868729,1.94972771886285,2.7224564985706,1,6,"wiichi",0,0,0,0,0,1,0,0,0
"358",651,"Julia-2017-06-15-14-44",12.03,1,0,0,1.31569005974864,1.73104033332139,2.27751255957493,1,6,"wiichi",0,0,0,0,0,1,0,0,0
"359",653,"Noe-2017-06-14-09-27",10.42,0,0,1,0.666566645792513,0.444311093283081,0.296162955138108,1,2,"laplata",0,1,0,0,0,0,0,0,1
"360",654,"Noe-2017-06-14-10-03",6.75,0,1,0,-0.813112192231712,0.66115143715586,-0.537590294462948,0,2,"laplata",0,1,0,0,0,0,0,0,0
"361",655,"Noe-2017-06-14-10-39",10.74,1,0,0,0.795584964094353,0.632955435093012,0.503569827101799,0,2,"laplata",0,1,0,0,0,0,0,0,0
"362",656,"Noe-2017-06-14-11-04",10.47,1,0,0,0.686725758027175,0.471592266737999,0.323854556855406,0,2,"laplata",0,1,0,0,0,0,0,0,1
"363",657,"Noe-2017-06-14-11-38",8.55,1,0,0,-0.087384151783863,0.00763598998298521,-0.000667264507693237,1,2,"laplata",0,1,0,0,0,0,0,0,1
"364",658,"Noe-2017-06-21-08-57",10.34,0,0,1,0.634312066217053,0.402351797348547,0.255216599922302,1,2,"laplata",0,1,0,0,0,0,0,0,0
"365",659,"Noe-2017-06-21-09-26",9.79,0,1,0,0.412561831635765,0.170207264922658,0.0702210209742056,1,2,"laplata",0,1,0,0,0,0,0,0,0
"366",660,"Noe-2017-06-21-09-52",10.21,1,0,0,0.581898374406931,0.338605718137429,0.197034116949061,1,2,"laplata",0,1,0,0,0,0,0,0,0
"367",661,"Noe-2017-06-21-10-46",7.61,1,0,0,-0.466375461795517,0.217506071364982,-0.101439494476172,0,2,"laplata",0,1,0,0,0,0,0,0,0
"368",662,"Noe-2017-06-21-11-24",7.13,0,0,1,-0.659902939248277,0.435471889228515,-0.287369179661898,1,2,"laplata",0,1,0,0,0,0,0,0,0
"369",663,"Carla-2017-06-19-09-11",12.66,0,0,1,1.56969487390539,2.46394199716486,3.86763712254989,1,6,"wiichi",0,0,0,0,0,1,0,0,1
"370",664,"Carla-2017-06-19-09-44",12.95,0,0,1,1.68661772486643,2.84467934983362,4.79788661299091,1,6,"wiichi",0,0,0,0,0,1,0,0,0
"371",665,"Carla-2017-06-19-10-13",12.91,0,0,1,1.6704904350787,2.79053829368944,4.66156752832905,1,6,"wiichi",0,0,0,0,0,1,0,0,0
"372",666,"Carla-2017-06-19-10-47",12.67,0,0,1,1.57372669635232,2.476615714812,3.89751626700533,0,6,"wiichi",0,0,0,0,0,1,0,0,0
"373",667,"Carla-2017-06-19-11-15",13.47,0,0,1,1.89627249210692,3.5958493643214,6.81871023532284,1,6,"wiichi",0,0,0,0,0,1,0,0,0
"374",668,"Carla-2017-06-19-14-50",11.1,0,1,0,0.940730572183922,0.884974009441489,0.832522106269792,1,6,"wiichi",0,0,0,0,0,1,0,0,0
"375",669,"Carla-2017-06-19-15-14",12.9,0,1,0,1.66645861263177,2.77708430761461,4.6278960624289,1,6,"wiichi",0,0,0,0,0,1,0,0,0
"376",670,"Carla-2017-06-22-10-24",12.69,0,0,1,1.58179034124619,2.50206068365973,3.9577354226248,0,6,"wiichi",0,0,0,0,0,1,0,0,0
"377",671,"Carla-2017-06-22-10-52",13.61,1,0,0,1.95271800636398,3.81310761237811,7.44592389489428,0,6,"wiichi",0,0,0,0,0,1,0,0,1
"378",672,"Carla-2017-06-22-11-16",12.78,0,0,1,1.61807674326858,2.61817234710666,4.23640378472219,0,6,"wiichi",0,0,0,0,0,1,0,0,0
"379",673,"Carla-2017-06-22-11-35",12.12,0,0,1,1.35197646177104,1.82784035318293,2.47119713337858,1,6,"wiichi",0,0,0,0,0,1,0,0,0
"380",674,"Carla-2017-06-22-12-01",13.01,0,0,1,1.71080865954803,2.92686626958452,5.00730815934423,0,6,"wiichi",0,0,0,0,0,1,0,0,0
"381",675,"Carla-2017-06-22-12-23",12.23,0,0,1,1.39632650868729,1.94972771886285,2.7224564985706,0,6,"wiichi",0,0,0,0,0,1,0,0,0
"382",685,"Noe-2017-06-27-13-45",9.47,1,0,0,0.283543513333926,0.0803969239537464,0.0227960262790857,1,2,"laplata",0,1,0,0,0,0,0,0,0
"383",686,"Noe-2017-06-27-14-11",11.14,0,0,1,0.956857861971652,0.915576968016962,0.876077020087198,0,2,"laplata",0,1,0,0,0,0,0,0,1
"384",687,"Noe-2017-06-27-14-36",10.63,1,0,0,0.751234917178095,0.56435390078758,0.423962355917292,1,2,"laplata",0,1,0,0,0,0,0,0,0
"385",688,"Noe-2017-06-27-15-03",6.73,0,0,1,-0.821175837125577,0.674329755478892,-0.553743301454064,1,2,"laplata",0,1,0,0,0,0,0,0,0
"386",689,"Noe-2017-06-27-15-35",9.53,0,0,1,0.307734448015521,0.0947004904954172,0.0291426031694063,1,2,"laplata",0,1,0,0,0,0,0,0,0
"387",690,"Noe-2017-06-28-09-18",8.38,0,1,0,-0.155925133381715,0.0243126472201057,-0.00379095276065758,0,2,"laplata",0,1,0,0,0,0,0,0,0
"388",691,"Noe-2017-06-28-09-51",6.73,1,0,0,-0.821175837125577,0.674329755478892,-0.553743301454064,1,2,"laplata",0,1,0,0,0,0,0,0,0
"389",692,"Noe-2017-06-28-11-11",10.96,0,1,0,0.884285057926868,0.781960063672724,0.691475600201331,1,2,"laplata",0,1,0,0,0,0,0,0,0
"390",693,"Noe-2017-06-28-11-33",10.64,0,1,0,0.755266739625028,0.57042784798382,0.43082518093806,1,2,"laplata",0,1,0,0,0,0,0,0,1
"391",694,"Noe-2017-07-03-10-00",6.35,0,1,0,-0.974385090109012,0.949426303826747,-0.92510683460609,0,2,"laplata",0,1,0,0,0,0,0,0,0
"392",696,"Noe-2017-07-03-11-07",6.32,1,0,0,-0.986480557449809,0.973143890226486,-0.959987527309499,0,2,"laplata",0,1,0,0,0,0,0,0,0
"393",697,"Noe-2017-07-03-11-35",9.79,1,0,0,0.412561831635765,0.170207264922658,0.0702210209742056,0,2,"laplata",0,1,0,0,0,0,0,0,1
"394",698,"Noe-2017-07-04-13-40",9.73,1,0,0,0.388370896954171,0.150831953600987,0.0585787411093653,0,2,"laplata",0,1,0,0,0,0,0,0,0
"395",699,"Noe-2017-07-04-14-07",10.21,0,1,0,0.581898374406931,0.338605718137429,0.197034116949061,0,2,"laplata",0,1,0,0,0,0,0,0,0
"396",700,"Noe-2017-07-04-14-36",5.12,0,1,0,-1.47029925108171,2.16177988773143,-3.17846334993502,0,2,"laplata",0,1,0,0,0,0,0,0,0
"397",722,"Noe-2017-07-05-13-35",12.19,1,0,0,1.38019921889956,1.90494988385097,2.62921034173392,0,2,"laplata",0,1,0,0,0,0,0,0,1
"398",723,"Noe-2017-07-05-14-21",12.55,1,0,0,1.52534482698913,2.32667684122251,3.54898448383417,0,2,"laplata",0,1,0,0,0,0,0,0,1
"399",724,"Noe-2017-07-05-14-52",13.76,1,0,0,2.01319534306796,4.05295548935054,8.15939111682225,1,2,"laplata",0,1,0,0,0,0,0,0,0
"400",725,"Noe-2017-07-10-10-14",11.39,0,1,0,1.05765342314496,1.11863076349026,1.18312365624074,0,2,"laplata",0,1,0,0,0,0,0,0,0
"401",726,"Noe-2017-07-10-10-55",12.4,0,1,0,1.46486749028515,2.1458367640943,3.14336651518042,1,2,"laplata",0,1,0,0,0,0,0,0,0
"402",727,"Noe-2017-07-10-11-20",12.42,0,1,0,1.47293113517901,2.16952612897973,3.19556258395864,1,2,"laplata",0,1,0,0,0,0,0,0,0
"403",728,"Noe-2017-07-10-11-53",12.58,0,1,0,1.53744029432993,2.3637226586293,3.63408245999737,0,2,"laplata",0,1,0,0,0,0,0,0,0
"404",729,"Noe-2017-07-11-15-44",8.27,0,1,0,-0.200275180297973,0.0401101478433857,-0.00803306709111243,1,2,"laplata",0,1,0,0,0,0,0,0,0
"405",730,"Noe-2017-07-11-16-02",12.66,0,1,0,1.56969487390539,2.46394199716486,3.86763712254989,0,2,"laplata",0,1,0,0,0,0,0,0,0
"406",731,"Noe-2017-07-11-16-20",7.44,0,1,0,-0.53491644339337,0.286135601412612,-0.153058638235857,0,2,"laplata",0,1,0,0,0,0,0,0,0
"407",732,"Noe-2017-07-12-13-44",12.28,0,0,1,1.41648562092196,2.00643151427866,2.84208138934039,1,2,"laplata",0,1,0,0,0,0,0,0,1
"408",733,"Noe-2017-07-12-14-17",12.17,0,0,1,1.3721355740057,1.88275603345195,2.58339653067328,0,2,"laplata",0,1,0,0,0,0,0,0,1
"409",734,"Noe-2017-07-12-14-48",12.24,0,0,1,1.40035833113423,1.96100345557704,2.74610752640031,1,2,"laplata",0,1,0,0,0,0,0,0,1
"410",735,"Noe-2017-07-12-15-07",12.56,0,0,1,1.52937664943607,2.33899293584029,3.57720117927005,0,2,"laplata",0,1,0,0,0,0,0,0,1
"411",739,"Noe-2017-08-01-13-26",12.07,1,0,0,1.33181734953637,1.77373745252609,2.3622943127967,1,2,"laplata",0,1,0,0,0,0,0,0,1
"412",740,"Noe-2017-08-01-13-55",8.18,1,0,0,-0.236561582320366,0.0559613822299151,-0.0132383131291435,1,2,"laplata",0,1,0,0,0,0,0,0,1
"413",741,"Noe-2017-08-01-14-23",8.58,0,0,1,-0.0752886844430658,0.00566838600516754,-0.000426765325244549,0,2,"laplata",0,1,0,0,0,0,0,0,0
"414",742,"Noe-2017-08-01-14-45",8.15,0,0,1,-0.248657049661163,0.061830328346194,-0.0153745470261456,1,2,"laplata",0,1,0,0,0,0,0,0,0
"415",743,"Noe-2017-08-01-15-11",8.41,0,1,0,-0.143829666040918,0.020686972833442,-0.00297540039403152,0,2,"laplata",0,1,0,0,0,0,0,0,0
"416",744,"Noe-2017-08-02-13-42",12.9,0,0,1,1.66645861263177,2.77708430761461,4.6278960624289,0,2,"laplata",0,1,0,0,0,0,0,0,1
"417",745,"Noe-2017-08-02-14-00",12.62,0,0,1,1.55356758411766,2.41357223842118,3.74964759153745,1,2,"laplata",0,1,0,0,0,0,0,0,1
"418",746,"Noe-2017-08-02-14-30",12.9,0,0,1,1.66645861263177,2.77708430761461,4.6278960624289,0,2,"laplata",0,1,0,0,0,0,0,0,0
"419",747,"Noe-2017-08-02-14-48",13.01,0,0,1,1.71080865954803,2.92686626958452,5.00730815934423,1,2,"laplata",0,1,0,0,0,0,0,0,0
"420",748,"Noe-2017-08-07-10-18",9.33,0,1,0,0.227097999076871,0.0515735011847185,0.0117122389244382,1,2,"laplata",0,1,0,0,0,0,0,0,0
"421",749,"Noe-2017-08-07-10-31",9.37,0,1,0,0.243225288864601,0.0591585411432685,0.0143888532583798,0,2,"laplata",0,1,0,0,0,0,0,0,1
"422",750,"Noe-2017-08-07-10-54",9.89,0,1,0,0.452880056105091,0.20510034521775,0.0928858558493882,1,2,"laplata",0,1,0,0,0,0,0,0,0
"423",751,"Noe-2017-08-07-11-15",9.47,1,0,0,0.283543513333926,0.0803969239537464,0.0227960262790857,0,2,"laplata",0,1,0,0,0,0,0,0,0
"424",752,"Noe-2017-08-07-11-39",9.14,0,1,0,0.150493372585154,0.022648255192054,0.00340841230702142,1,2,"laplata",0,1,0,0,0,0,0,0,0
"425",753,"Noe-2017-08-08-13-43",8.91,0,0,1,0.0577614563057064,0.00333638583455604,0.000192714504601686,0,2,"laplata",0,1,0,0,0,0,0,0,0
"426",754,"Noe-2017-08-08-14-19",8.91,0,0,1,0.0577614563057064,0.00333638583455604,0.000192714504601686,0,2,"laplata",0,1,0,0,0,0,0,0,0
"427",755,"Noe-2017-08-08-14-48",8.9,1,0,0,0.053729633858774,0.00288687355459792,0.000155110659085124,0,2,"laplata",0,1,0,0,0,0,0,0,1
"428",756,"Noe-2017-08-08-15-13",8.96,0,1,0,0.0779205685403692,0.00607161500165437,0.000473103692887144,1,2,"laplata",0,1,0,0,0,0,0,0,0
"429",757,"Noe-2017-08-09-13-49",12.57,0,1,0,1.533408471883,2.35134154164255,3.60556704024512,1,2,"laplata",0,1,0,0,0,0,0,0,1
"430",758,"Noe-2017-08-09-14-21",12.43,0,1,0,1.47696295762594,2.18141957819917,3.22187591204019,1,2,"laplata",0,1,0,0,0,0,0,0,0
"431",759,"Noe-2017-08-09-14-32",12.25,0,1,0,1.40439015358116,1.97231170347571,2.76989513615417,1,2,"laplata",0,1,0,0,0,0,0,0,1
"432",760,"Noe-2017-08-15-13-49",6.46,0,1,0,-0.930035043192754,0.864965181566548,-0.804447929998473,1,2,"laplata",0,1,0,0,0,0,0,0,0
"433",761,"Noe-2017-08-15-14-12",6.94,0,1,0,-0.736507565739994,0.542443394392252,-0.399513663955577,0,2,"laplata",0,1,0,0,0,0,0,0,0
"434",762,"Noe-2017-08-15-14-37",6.97,0,1,0,-0.724412098399197,0.524772888307128,-0.380151829201574,0,2,"laplata",0,1,0,0,0,0,0,0,0
"435",763,"Noe-2017-08-15-14-46",6.14,0,1,0,-1.05905336149459,1.121594022493,-1.18782791975345,1,2,"laplata",0,1,0,0,0,0,0,0,0
"436",764,"Noe-2017-08-15-15-15",6.17,0,1,0,-1.0469578941538,1.09612083213095,-1.14759235814593,1,2,"laplata",0,1,0,0,0,0,0,0,0
"437",765,"Noe-2017-08-21-11-02",11.79,0,1,0,1.21892632102226,1.48578137608087,1.81105802658965,0,2,"laplata",0,1,0,0,0,0,0,0,0
"438",766,"Noe-2017-08-21-11-15",12.79,0,0,1,1.62210856571551,2.63123619896764,4.26815077676613,1,2,"laplata",0,1,0,0,0,0,0,0,0
"439",767,"Noe-2017-08-21-11-34",12.2,1,0,0,1.3842310413465,1.9160955758272,2.65231897424671,1,2,"laplata",0,1,0,0,0,0,0,0,1
"440",768,"Noe-2017-08-21-11-47",12.37,1,0,0,1.45277202294435,2.11054655064981,3.06614298190575,0,2,"laplata",0,1,0,0,0,0,0,0,1
"441",769,"Noe-2017-08-22-13-50",12.04,0,0,1,1.31972188219558,1.74166584634583,2.29851452889528,0,2,"laplata",0,1,0,0,0,0,0,0,1
"442",770,"Noe-2017-08-22-14-13",10.28,0,0,1,0.610121131535458,0.372247795146107,0.227116245986122,0,2,"laplata",0,1,0,0,0,0,0,0,1
"443",771,"Noe-2017-08-22-14-36",12.5,1,0,0,1.50518571475447,2.26558403590093,3.41012472641386,1,2,"laplata",0,1,0,0,0,0,0,0,1
"444",772,"Noe-2017-08-22-14-44",10.67,0,0,1,0.767362206965825,0.588844756679461,0.451857212045806,1,2,"laplata",0,1,0,0,0,0,0,0,0
"445",774,"Noe-2017-08-23-13-46",12.37,0,0,1,1.45277202294435,2.11054655064981,3.06614298190575,0,2,"laplata",0,1,0,0,0,0,0,0,0
"446",775,"Noe-2017-08-23-13-47",12.26,1,0,0,1.40842197602809,1.98365246255887,2.79381972107016,0,2,"laplata",0,1,0,0,0,0,0,0,1
"447",776,"Noe-2017-08-23-14-47",13.86,0,0,1,2.05351356753729,4.21691797205973,8.65949826881648,0,2,"laplata",0,1,0,0,0,0,0,0,1
"448",781,"Noe-2017-08-28-11-16",6.3,1,0,0,-0.994544202343674,0.989118170415415,-0.983721741819433,1,2,"laplata",0,1,0,0,0,0,0,0,0
"449",782,"Noe-2017-08-28-11-42",7.23,0,0,1,-0.619584714778952,0.383885218787715,-0.237849413790442,1,2,"laplata",0,1,0,0,0,0,0,0,0
"450",783,"Noe-2017-08-29-11-36",7.96,0,0,1,-0.32526167615288,0.105795157973781,-0.0344111104114109,1,2,"laplata",0,1,0,0,0,0,0,0,0
"451",787,"Noe-2017-08-29-14-52",6.86,1,0,0,-0.768762145315454,0.59099523607002,-0.454334765552402,0,2,"laplata",0,1,0,0,0,0,0,0,0
"452",788,"Noe-2017-08-29-15-11",6.56,0,0,1,-0.889716818723429,0.79159601751934,-0.704296290421443,0,2,"laplata",0,1,0,0,0,0,0,0,0
"453",789,"Noe-2017-08-29-15-38",7.38,1,0,0,-0.559107378074965,0.312601060217862,-0.174777559161863,0,2,"laplata",0,1,0,0,0,0,0,0,0
"454",790,"Noe-2017-08-23-14-06",12.74,0,1,0,1.60194945348085,2.5662420515076,4.11099005191217,0,2,"laplata",0,1,0,0,0,0,0,0,0
"455",793,"Noe-2017-08-30-13-58",12.21,1,0,0,1.38826286379343,1.92727377898793,2.67556261573177,1,2,"laplata",0,1,0,0,0,0,0,0,1
"456",794,"Noe-2017-08-30-14-14",13.07,0,0,1,1.73499959422962,3.01022359197696,5.22273671062046,0,2,"laplata",0,1,0,0,0,0,0,0,0
"457",802,"Noe-2017-09-04-13-46",10.76,1,0,0,0.803648608988217,0.645851086728697,0.519037327463046,0,2,"laplata",0,1,0,0,0,0,0,0,1
"458",803,"Noe-2017-09-04-14-09",10.71,0,1,0,0.783489496753555,0.613855791523139,0.48094956517972,0,2,"laplata",0,1,0,0,0,0,0,0,0
"459",804,"Noe-2017-09-04-14-25",10.28,0,0,1,0.610121131535458,0.372247795146107,0.227116245986122,1,2,"laplata",0,1,0,0,0,0,0,0,0
"460",805,"Noe-2017-09-04-14-39",10.58,0,0,1,0.731075804943433,0.534471832573688,0.3907394252184,0,2,"laplata",0,1,0,0,0,0,0,0,0
"461",806,"Noe-2017-09-04-14-50",10.82,1,0,0,0.827839543669812,0.685318310063443,0.567333597071488,1,2,"laplata",0,1,0,0,0,0,0,0,1
"462",807,"Noe-2017-09-04-15-13",10.57,0,1,0,0.7270439824965,0.528592952484371,0.384310325293821,1,2,"laplata",0,1,0,0,0,0,0,0,0
"463",808,"Noe-2017-09-04-15-32",11.79,0,0,1,1.21892632102226,1.48578137608087,1.81105802658965,0,2,"laplata",0,1,0,0,0,0,0,0,0
"464",809,"Noe-2017-09-05-13-35",10.72,0,0,1,0.787521319200488,0.620189828195276,0.488412711655068,0,2,"laplata",0,1,0,0,0,0,0,0,0
"465",810,"Noe-2017-09-05-13-52",9.44,1,0,0,0.271448045993128,0.0736840416734875,0.0200013891331444,1,2,"laplata",0,1,0,0,0,0,0,0,1
"466",811,"Noe-2017-09-05-14-29",8,0,0,1,-0.30913438636515,0.0955640688333581,-0.0295421397773571,0,2,"laplata",0,1,0,0,0,0,0,0,0
"467",812,"Noe-2017-09-05-14-52",10.06,1,0,0,0.521421037702943,0.271879898559214,0.141763898837316,0,2,"laplata",0,1,0,0,0,0,0,0,1
"468",813,"Noe-2017-09-06-09-04",8.58,0,0,1,-0.0752886844430658,0.00566838600516754,-0.000426765325244549,1,2,"laplata",0,1,0,0,0,0,0,0,0
"469",814,"Noe-2017-09-06-09-30",10.7,0,0,1,0.779457674306622,0.607554266035488,0.473562835219088,1,2,"laplata",0,1,0,0,0,0,0,0,0
"470",816,"Noe-2017-09-06-09-51",8.16,0,0,1,-0.24462522721423,0.0598415017896139,-0.0146387409721251,1,2,"laplata",0,1,0,0,0,0,0,0,0
"471",817,"Noe-2017-09-06-10-26",8.48,0,1,0,-0.115606908912391,0.0133649573882778,-0.00154508141140461,0,2,"laplata",0,1,0,0,0,0,0,0,0
"472",818,"Noe-2017-09-06-10-53",12.02,0,0,1,1.31165823730171,1.72044733148143,2.25663891418137,1,2,"laplata",0,1,0,0,0,0,0,0,1
"473",819,"Noe-2017-09-06-11-16",12.04,1,0,0,1.31972188219558,1.74166584634583,2.29851452889528,1,2,"laplata",0,1,0,0,0,0,0,0,1
"474",820,"Noe-2017-09-06-11-36",8.51,1,0,0,-0.103511441571593,0.0107146185362294,-0.00110908561057482,0,2,"laplata",0,1,0,0,0,0,0,0,1
"475",825,"Noe-2017-09-11-12-35",11.45,0,1,0,1.08184435782656,1.17038721456116,1.26617680454533,1,2,"laplata",0,1,0,0,0,0,0,0,0
"476",826,"Noe-2017-09-11-13-09",11.41,1,0,0,1.06571706803883,1.13575286910928,1.21039121768383,1,2,"laplata",0,1,0,0,0,0,0,0,1
"477",827,"Noe-2017-09-11-14-14",9.18,1,0,0,0.166620662372884,0.0277624451295785,0.0046257969965812,1,2,"laplata",0,1,0,0,0,0,0,0,1
"478",828,"Noe-2017-09-11-15-28",8.02,1,0,0,-0.301070741471286,0.0906435913700697,-0.0272901332634071,0,2,"laplata",0,1,0,0,0,0,0,0,0
"479",829,"Noe-2017-09-11-16-12",12.47,1,0,0,1.49309024741367,2.22931848692183,3.32857369120199,0,2,"laplata",0,1,0,0,0,0,0,0,1
"480",830,"Noe-2017-09-11-16-36",11.63,0,0,1,1.15441716187134,1.33267898362309,1.53846748995976,0,2,"laplata",0,1,0,0,0,0,0,0,1
"481",836,"Noe-2017-09-20-10-04",6.17,0,1,0,-1.0469578941538,1.09612083213095,-1.14759235814593,1,2,"laplata",0,1,0,0,0,0,0,0,0
"482",837,"Noe-2017-09-20-10-13",5.99,0,1,0,-1.11953069819858,1.253348984209,-1.40316266337799,1,2,"laplata",0,1,0,0,0,0,0,0,0
"483",839,"Noe-2017-09-20-10-30",5.98,0,0,1,-1.12356252064551,1.2623927377993,-1.41837716652637,1,2,"laplata",0,1,0,0,0,0,0,0,0
"484",840,"Noe-2017-09-20-10-37",5.81,0,1,0,-1.19210350224337,1.4211107600609,-1.69411111414433,0,2,"laplata",0,1,0,0,0,0,0,0,0
"485",841,"Noe-2017-09-20-10-46",5.88,0,1,0,-1.16388074511484,1.35461838884907,-1.57661425975992,0,2,"laplata",0,1,0,0,0,0,0,0,0
"486",844,"Noe-2017-09-20-11-26",5.2,0,0,1,-1.43804467150625,2.06797247724751,-2.97383680172736,0,2,"laplata",0,1,0,0,0,0,0,0,0
"487",845,"Noe-2017-09-20-12-59",5.06,0,0,1,-1.4944901857633,2.23350091534283,-3.33794519787322,0,2,"laplata",0,1,0,0,0,0,0,0,0
"488",846,"Noe-2017-09-20-13-06",5.28,0,1,0,-1.40579009193079,1.97624578257077,-2.778186740358,0,2,"laplata",0,1,0,0,0,0,0,0,0
"489",847,"Noe-2017-09-20-13-21",5.94,0,0,1,-1.13968981043324,1.29889286400536,-1.48033496195136,0,2,"laplata",0,1,0,0,0,0,0,0,0
"490",848,"Noe-2017-09-20-14-53",5.58,1,0,0,-1.28483541852281,1.65080205269069,-2.12100894626717,1,2,"laplata",0,1,0,0,0,0,0,0,0
"491",849,"Noe-2017-09-20-15-04",4.95,0,1,0,-1.53884023267956,2.36802926171328,-3.64401870008688,1,2,"laplata",0,1,0,0,0,0,0,0,0
"492",855,"Iris-2017-03-20-11-42",4.88,0,0,1,-1.56706298980809,2.45568641402626,-3.8482152939951,1,1,"berlin",1,0,0,0,0,0,0,0,0
"493",856,"Iris-2017-03-21-10-19",4.21,0,0,1,-1.83719509375256,3.3752858125085,-6.20105853475325,1,1,"berlin",1,0,0,0,0,0,0,0,0
"494",857,"Silvan-2017-03-22-10-53",4.64,1,0,0,-1.66382672853447,2.76831938258571,-4.60600378186614,1,1,"berlin",1,0,0,0,0,0,0,0,0
"495",858,"Silvan-2017-03-23-13-46",4.81,0,1,0,-1.59528574693662,2.54493661437912,-4.05990110777613,0,1,"berlin",1,0,0,0,0,0,0,0,1
"496",859,"Silvan-2017-03-22-09-35",5.76,1,0,0,-1.21226261447803,1.46958064646111,-1.78151767666525,1,1,"berlin",1,0,0,0,0,0,0,0,0
"497",860,"Silvan-2017-03-22-10-16",5.68,0,0,1,-1.24451719405349,1.54882304629477,-1.92753691166014,1,1,"berlin",1,0,0,0,0,0,0,0,0
"498",861,"Silvan-2017-03-23-14-23",5.17,0,0,1,-1.45014013884705,2.10290642229533,-3.04950901120969,0,1,"berlin",1,0,0,0,0,0,0,0,0
"499",862,"Silvan-2017-03-23-15-18",5.05,1,0,0,-1.49852200821024,2.24556820909044,-3.36503338225926,0,1,"berlin",1,0,0,0,0,0,0,0,0
"500",863,"Suheyla-2017-03-21-13-55",4.07,1,0,0,-1.89364060800962,3.58587475230304,-6.79035804619748,0,1,"berlin",1,0,0,0,0,0,0,0,0
"501",864,"Suheyla-2017-03-21-14-36",6.37,1,0,0,-0.966321445215147,0.933777135482689,-0.902328871068492,1,1,"berlin",1,0,0,0,0,0,0,0,1
"502",865,"Suheyla-2017-03-21-15-09",5.01,0,0,1,-1.51464929799797,2.29416249592573,-3.47485161394717,1,1,"berlin",1,0,0,0,0,0,0,0,1
"503",867,"Suheyla-2017-03-22-14-53",5.25,1,0,0,-1.41788555927159,2.0103994591909,-2.85051636155418,0,1,"berlin",1,0,0,0,0,0,0,0,0
"504",868,"Suheyla-2017-03-22-13-48",5.38,0,0,1,-1.36547186746146,1.8645134208287,-2.54594062264592,0,1,"berlin",1,0,0,0,0,0,0,0,0
"505",869,"Iris-2017-03-22-13-28",6.15,0,0,1,-1.05502153904766,1.1130704478545,-1.17431329696392,1,1,"berlin",1,0,0,0,0,0,0,0,0
"506",870,"Iris-2017-03-22-14-21",5.76,1,0,0,-1.21226261447803,1.46958064646111,-1.78151767666525,0,1,"berlin",1,0,0,0,0,0,0,0,1
"507",871,"Iris-2017-03-22-16-16",4.57,0,0,1,-1.692049485663,2.86303146193241,-4.8443909125997,0,1,"berlin",1,0,0,0,0,0,0,0,0
"508",872,"Iris-2017-03-23-10-15",5.98,0,1,0,-1.12356252064551,1.2623927377993,-1.41837716652637,0,1,"berlin",1,0,0,0,0,0,0,0,0
"509",873,"Iris-2017-03-23-11-27",5.13,0,1,0,-1.46626742863478,2.14994017227524,-3.15238724812062,1,1,"berlin",1,0,0,0,0,0,0,0,0
"510",874,"Silvan-2017-03-21-14-15",6.3,1,0,0,-0.994544202343674,0.989118170415415,-0.983721741819433,0,1,"berlin",1,0,0,0,0,0,0,0,1
"511",875,"Silvan-2017-03-21-15-08",6.28,1,0,0,-1.00260784723754,1.00522249534229,-1.00784396204988,1,1,"berlin",1,0,0,0,0,0,0,0,1
"512",876,"Silvan-2017-03-21-15-52",5.87,0,1,0,-1.16791256756177,1.36401976546873,-1.59305582649359,0,1,"berlin",1,0,0,0,0,0,0,0,0
"513",877,"Suheyla-2017-03-24-10-11",4.61,0,0,1,-1.67592219587527,2.80871520662737,-4.70718815667919,0,1,"berlin",1,0,0,0,0,0,0,0,0
"514",878,"Suheyla-2017-03-29-11-40",5.96,1,0,0,-1.13162616553938,1.28057777853336,-1.44913532119664,1,1,"berlin",1,0,0,0,0,0,0,0,0
"515",879,"Suheyla-2017-04-03-14-50",7.98,1,0,0,-0.317198031259015,0.100614591034595,-0.0319147501921046,0,1,"berlin",1,0,0,0,0,0,0,0,1
"516",880,"Suheyla-2017-04-03-15-21",8.97,0,1,0,0.0819523909873016,0.00671619438853555,0.000550408188475987,0,1,"berlin",1,0,0,0,0,0,0,0,0
"517",881,"Suheyla-2017-04-05-14-19",6.71,0,0,1,-0.829239482019442,0.687638118539872,-0.570216677234827,0,1,"berlin",1,0,0,0,0,0,0,0,0
"518",882,"Suheyla-2017-04-05-14-47",6.82,0,0,1,-0.784889435103184,0.616051425336596,-0.483532255226952,1,1,"berlin",1,0,0,0,0,0,0,0,0
"519",883,"Suheyla-2017-04-06-14-21",7.6,0,1,0,-0.47040728424245,0.221283013068357,-0.104093141226473,0,1,"berlin",1,0,0,0,0,0,0,0,0
"520",884,"Suheyla-2017-04-06-15-00",7.51,1,0,0,-0.506693686264843,0.256738491700655,-0.13008777276588,1,1,"berlin",1,0,0,0,0,0,0,0,0
"521",885,"Suheyla-2017-04-06-15-45",9.55,0,1,0,0.315798092909386,0.0997284354852053,0.0314940497350646,1,1,"berlin",1,0,0,0,0,0,0,0,0
"522",886,"Suheyla-2017-04-10-10-38",6.58,1,0,0,-0.881653173829564,0.777312318923744,-0.685319873035937,1,1,"berlin",1,0,0,0,0,0,0,0,1
"523",887,"Suheyla-2017-04-10-11-05",9.98,1,0,0,0.489166458127483,0.239283823756987,0.117049620554406,0,1,"berlin",1,0,0,0,0,0,0,0,1
"524",888,"Suheyla-2017-04-10-12-26",9.71,0,0,1,0.380307252060306,0.144633605969661,0.0550052092418949,1,1,"berlin",1,0,0,0,0,0,0,0,0
"525",889,"Suheyla-2017-04-10-11-31",8.3,0,1,0,-0.188179712957175,0.0354116043686449,-0.00666374554544465,1,1,"berlin",1,0,0,0,0,0,0,0,0
"526",890,"Suheyla-2017-04-10-12-52",7.22,0,1,0,-0.623616537225885,0.388897585501603,-0.242522965606017,1,1,"berlin",1,0,0,0,0,0,0,0,0
"527",891,"Suheyla-2017-04-11-12-59",6.68,0,1,0,-0.841334949360239,0.707844497014997,-0.595534314051036,1,1,"berlin",1,0,0,0,0,0,0,0,0
"528",892,"Iris-2017-03-28-13-08",6.14,0,1,0,-1.05905336149459,1.121594022493,-1.18782791975345,0,1,"berlin",1,0,0,0,0,0,0,0,0
"529",893,"Iris-2017-03-28-13-36",5.96,1,0,0,-1.13162616553938,1.28057777853336,-1.44913532119664,0,1,"berlin",1,0,0,0,0,0,0,0,1
"530",894,"Iris-2017-04-03-14-43",8.97,0,0,1,0.0819523909873016,0.00671619438853555,0.000550408188475987,1,1,"berlin",1,0,0,0,0,0,0,0,0
"531",895,"Iris-2017-04-03-15-44",7.51,0,1,0,-0.506693686264843,0.256738491700655,-0.13008777276588,1,1,"berlin",1,0,0,0,0,0,0,0,0
"532",896,"Iris-2017-04-05-14-34",7.67,1,0,0,-0.442184527113923,0.195527156018963,-0.0864590830221755,0,1,"berlin",1,0,0,0,0,0,0,0,0
"533",897,"Iris-2017-04-05-15-36",7.01,0,0,1,-0.708284808611467,0.501667370109783,-0.355323377224825,0,1,"berlin",1,0,0,0,0,0,0,0,0
"534",898,"Iris-2017-04-05-15-09",6.82,0,0,1,-0.784889435103184,0.616051425336596,-0.483532255226952,1,1,"berlin",1,0,0,0,0,0,0,0,1
"535",899,"Iris-2017-04-06-15-13",9.15,0,1,0,0.154525195032086,0.0238780358997043,0.00368975815438497,0,1,"berlin",1,0,0,0,0,0,0,0,0
"536",900,"Iris-2017-04-06-15-44",6.48,1,0,0,-0.921971398298889,0.850031259281209,-0.783704508717261,0,1,"berlin",1,0,0,0,0,0,0,0,1
"537",901,"Iris-2017-04-10-10-39",6.58,0,1,0,-0.881653173829564,0.777312318923744,-0.685319873035937,1,1,"berlin",1,0,0,0,0,0,0,0,0
"538",902,"Iris-2017-04-10-11-06",6.72,1,0,0,-0.825207659572509,0.680967681417139,-0.561939746626755,1,1,"berlin",1,0,0,0,0,0,0,0,0
"539",903,"Iris-2017-04-10-11-32",9.21,1,0,0,0.178716129713682,0.0319394550198374,0.00570809578630956,1,1,"berlin",1,0,0,0,0,0,0,0,0
"540",904,"Iris-2017-04-10-12-00",6.5,0,1,0,-0.913907753405024,0.835227381733818,-0.763320780022715,0,1,"berlin",1,0,0,0,0,0,0,0,0
"541",905,"Iris-2017-03-21-11-30",5.41,0,1,0,-1.35337640012067,1.83162768040357,-2.47888167646595,1,1,"berlin",1,0,0,0,0,0,0,0,0
"542",906,"Suheyla-2017-05-22-14-44",6.99,0,0,1,-0.716348453505332,0.513155106839481,-0.367597867192825,0,1,"berlin",1,0,0,0,0,0,0,0,1
"543",907,"Suheyla-2017-05-22-14-14",9.46,0,1,0,0.279511690886994,0.0781267853425064,0.0218373498746492,0,1,"berlin",1,0,0,0,0,0,0,0,0
"544",908,"Suheyla-2017-05-22-13-33",6.94,1,0,0,-0.736507565739994,0.542443394392252,-0.399513663955577,0,1,"berlin",1,0,0,0,0,0,0,0,1
"545",909,"Suheyla-2017-05-22-12-53",6.65,0,1,0,-0.853430416701037,0.728343476150505,-0.621590476352607,1,1,"berlin",1,0,0,0,0,0,0,0,0
"546",910,"Suheyla-2017-05-16-15-04",10.16,0,0,1,0.561739262172268,0.315550998665844,0.177257385168273,1,1,"berlin",1,0,0,0,0,0,0,0,0
"547",911,"Suheyla-2017-05-16-14-29",8.55,1,0,0,-0.087384151783863,0.00763598998298521,-0.000667264507693237,0,1,"berlin",1,0,0,0,0,0,0,0,0
"548",912,"Suheyla-2017-05-16-13-48",7.34,0,1,0,-0.575234667862695,0.330894923111105,-0.190342231193268,0,1,"berlin",1,0,0,0,0,0,0,0,0
"549",913,"Suheyla-2017-05-16-13-05",7.67,0,0,1,-0.442184527113923,0.195527156018963,-0.0864590830221755,0,1,"berlin",1,0,0,0,0,0,0,0,1
"550",914,"Iris-2017-05-08-13-45",12.26,0,1,0,1.40842197602809,1.98365246255887,2.79381972107016,1,1,"berlin",1,0,0,0,0,0,0,0,1
"551",915,"Iris-2017-05-08-14-20",9.28,0,0,1,0.206938886842208,0.0428237028874923,0.00886188940599912,1,1,"berlin",1,0,0,0,0,0,0,0,0
"552",916,"Iris-2017-05-08-14-59",7.52,0,1,0,-0.50266186381791,0.252668949336895,-0.127007045002597,0,1,"berlin",1,0,0,0,0,0,0,0,0
"553",917,"Iris-2017-05-08-15-24",7.07,1,0,0,-0.684093873929872,0.46798442834838,-0.3201452805277,1,1,"berlin",1,0,0,0,0,0,0,0,1
"554",918,"Iris-2017-05-10-13-47",10.72,1,0,0,0.787521319200488,0.620189828195276,0.488412711655068,0,1,"berlin",1,0,0,0,0,0,0,0,0
"555",919,"Iris-2017-05-10-14-37",8.78,1,0,0,0.00534776449558374,2.8598585100226e-05,1.52938498022919e-07,1,1,"berlin",1,0,0,0,0,0,0,0,1
"556",920,"Iris-2017-05-10-15-09",6.75,0,0,1,-0.813112192231712,0.66115143715586,-0.537590294462948,1,1,"berlin",1,0,0,0,0,0,0,0,0
"557",921,"Iris-2017-05-10-15-45",6.8,0,0,1,-0.792953079997049,0.628774587076807,-0.498588745446427,0,1,"berlin",1,0,0,0,0,0,0,0,0
"558",922,"Iris-2017-05-11-11-36",8.89,0,1,0,0.0496978114118416,0.00246987245912698,0.000122747255684994,1,1,"berlin",1,0,0,0,0,0,0,0,0
"559",923,"Iris-2017-05-11-12-29",7.23,1,0,0,-0.619584714778952,0.383885218787715,-0.237849413790442,0,1,"berlin",1,0,0,0,0,0,0,0,1
"560",924,"Iris-2017-05-11-13-04",9.31,0,0,1,0.219034354183006,0.0479760483123666,0.0105084027583519,0,1,"berlin",1,0,0,0,0,0,0,0,1
"561",925,"Iris-2017-05-11-13-28",11.58,0,1,0,1.13425804963668,1.28654132316561,1.45926985199082,0,1,"berlin",1,0,0,0,0,0,0,0,0
"562",926,"Iris-2017-05-11-15-27",10.9,0,1,0,0.860094123245272,0.739761900841054,0.636264863514142,1,1,"berlin",1,0,0,0,0,0,0,0,0
"563",927,"Iris-2017-05-11-15-55",6.97,0,0,1,-0.724412098399197,0.524772888307128,-0.380151829201574,1,1,"berlin",1,0,0,0,0,0,0,0,0
"564",928,"Iris-2017-05-18-11-49",9.3,0,1,0,0.215002531736074,0.0462260886529215,0.00993872609263431,1,1,"berlin",1,0,0,0,0,0,0,0,0
"565",929,"Iris-2017-05-18-12-13",6.97,1,0,0,-0.724412098399197,0.524772888307128,-0.380151829201574,1,1,"berlin",1,0,0,0,0,0,0,0,0
"566",930,"Iris-2017-05-18-12-48",7.35,0,0,1,-0.571202845415762,0.326272690611063,-0.186367889258496,0,1,"berlin",1,0,0,0,0,0,0,0,0
"567",931,"Iris-2017-05-18-13-20",11.51,1,0,0,1.10603529250815,1.2233140682736,1.35302853333233,0,1,"berlin",1,0,0,0,0,0,0,0,1
"568",932,"Iris-2017-05-18-14-52",13.36,0,1,0,1.85192244519067,3.42961674300097,6.3513842247652,0,1,"berlin",1,0,0,0,0,0,0,0,0
"569",933,"Iris-2017-05-22-12-49",8.34,0,0,1,-0.172052423169446,0.029602036318478,-0.00509310207934408,0,1,"berlin",1,0,0,0,0,0,0,0,0
"570",934,"Iris-2017-05-22-13-30",8.22,0,1,0,-0.220434292532635,0.0485912773243634,-0.0107111838402531,0,1,"berlin",1,0,0,0,0,0,0,0,0
"571",935,"Iris-2017-05-22-13-56",9.84,1,0,0,0.432720943870428,0.187247415264114,0.0810258782703855,1,1,"berlin",1,0,0,0,0,0,0,0,0
"572",936,"Iris-2017-05-22-14-32",8.86,1,0,0,0.0376023440710437,0.00141393627963716,5.31673184814478e-05,1,1,"berlin",1,0,0,0,0,0,0,0,0
"573",937,"Iris-2017-05-22-14-58",7.56,0,1,0,-0.48653457403018,0.236715891726729,-0.115170465547438,0,1,"berlin",1,0,0,0,0,0,0,0,0
"574",938,"Iris-2017-05-22-15-36",8.42,0,0,1,-0.139797843593986,0.0195434370735285,-0.00273213035929404,1,1,"berlin",1,0,0,0,0,0,0,0,0
"575",939,"Iris-2017-05-23-13-29",10.08,1,0,0,0.529484682596808,0.280354029104642,0.148443164115208,1,1,"berlin",1,0,0,0,0,0,0,0,1
"576",940,"Iris-2017-05-23-13-58",6.88,0,1,0,-0.760698500421589,0.578662208543655,-0.440187474289803,0,1,"berlin",1,0,0,0,0,0,0,0,0
"577",941,"Iris-2017-05-23-14-29",8.9,1,0,0,0.053729633858774,0.00288687355459792,0.000155110659085124,0,1,"berlin",1,0,0,0,0,0,0,0,1
"578",942,"Iris-2017-05-23-15-13",9.88,1,0,0,0.448848233658158,0.201464736858049,0.0904270912831409,0,1,"berlin",1,0,0,0,0,0,0,0,0
"579",943,"Suheyla-2017-05-10-13-39",8.24,0,1,0,-0.21237064763877,0.0451012919785108,-0.00957819058682162,1,1,"berlin",1,0,0,0,0,0,0,0,0
"580",944,"Suheyla-2017-05-10-13-14",7.8,0,0,1,-0.3897708353038,0.151921304053422,-0.059214493581345,0,1,"berlin",1,0,0,0,0,0,0,0,0
"581",945,"Suheyla-2017-05-10-12-31",8.3,1,0,0,-0.188179712957175,0.0354116043686449,-0.00666374554544465,0,1,"berlin",1,0,0,0,0,0,0,0,1
"582",946,"Suheyla-2017-05-10-14-21",10.59,0,1,0,0.735107627390365,0.540383223847492,0.397239829564086,0,1,"berlin",1,0,0,0,0,0,0,0,1
"583",947,"Suheyla-2017-05-10-15-03",6.75,0,1,0,-0.813112192231712,0.66115143715586,-0.537590294462948,1,1,"berlin",1,0,0,0,0,0,0,0,0
"584",948,"Suheyla-2017-05-10-15-30",8.07,1,0,0,-0.280911629236623,0.0789113434403738,-0.0221671140510861,1,1,"berlin",1,0,0,0,0,0,0,0,0
"585",949,"Suheyla-2017-05-16-11-34",8.02,0,1,0,-0.301070741471286,0.0906435913700697,-0.0272901332634071,0,1,"berlin",1,0,0,0,0,0,0,0,0
"586",950,"Suheyla-2017-05-09-11-48",6.56,0,1,0,-0.889716818723429,0.79159601751934,-0.704296290421443,1,1,"berlin",1,0,0,0,0,0,0,0,0
"587",951,"Suheyla-2017-05-09-12-34",6.98,1,0,0,-0.720380275952264,0.518947741981061,-0.373839717573121,0,1,"berlin",1,0,0,0,0,0,0,0,1
"588",952,"Suheyla-2017-05-09-13-00",9.96,0,0,1,0.481102813233618,0.231459916901302,0.111356017172036,0,1,"berlin",1,0,0,0,0,0,0,0,0
"589",953,"Suheyla-2017-05-08-13-23",8.13,1,0,0,-0.256720694555028,0.0659055150128158,-0.0169193095890969,1,1,"berlin",1,0,0,0,0,0,0,0,1
"590",954,"Suheyla-2017-05-08-14-20",7.65,0,0,1,-0.450248172007787,0.202723416396354,-0.091275847655632,1,1,"berlin",1,0,0,0,0,0,0,0,1
"591",955,"Suheyla-2017-05-08-14-58",7.95,0,1,0,-0.329293498599813,0.108434208220105,-0.0357066797926989,1,1,"berlin",1,0,0,0,0,0,0,0,0
"592",956,"Suheyla-2017-05-08-15-29",8.34,0,0,1,-0.172052423169446,0.029602036318478,-0.00509310207934408,1,1,"berlin",1,0,0,0,0,0,0,0,0
"593",957,"Suheyla-2017-05-09-13-37",10.28,1,0,0,0.610121131535458,0.372247795146107,0.227116245986122,1,1,"berlin",1,0,0,0,0,0,0,0,0
"594",958,"Suheyla-2017-05-09-13-59",9.88,1,0,0,0.448848233658158,0.201464736858049,0.0904270912831409,1,1,"berlin",1,0,0,0,0,0,0,0,1
"595",959,"Suheyla-2017-05-09-14-22",9.32,0,1,0,0.223066176629939,0.049758519156299,0.0110994426229632,1,1,"berlin",1,0,0,0,0,0,0,0,1
"596",960,"Iris-2017-04-11-12-59",7.2,1,0,0,-0.63168018211975,0.39901985248284,-0.252052933085756,0,1,"berlin",1,0,0,0,0,0,0,0,0
"597",961,"Suheyla-2017-05-23-13-19",9.49,0,0,1,0.291607158227791,0.0850347347296879,0.0247967373451783,1,1,"berlin",1,0,0,0,0,0,0,0,1
"598",962,"Suheyla-2017-05-23-13-52",6.84,0,1,0,-0.77682579020932,0.603458308334334,-0.468781977230198,0,1,"berlin",1,0,0,0,0,0,0,0,0
"599",963,"Suheyla-2017-05-23-14-26",9.46,1,0,0,0.279511690886994,0.0781267853425064,0.0218373498746492,1,1,"berlin",1,0,0,0,0,0,0,0,0
"600",964,"Suheyla-2017-05-23-15-08",8.36,0,1,0,-0.163988778275581,0.0268923194003176,-0.00441003860345479,0,1,"berlin",1,0,0,0,0,0,0,0,0
"601",965,"Suheyla-2017-05-16-12-26",8.11,0,0,1,-0.264784339448893,0.0701107464173867,-0.0185642276783966,0,1,"berlin",1,0,0,0,0,0,0,0,0
"602",966,"Suheyla-2017-05-16-11-59",8.08,0,0,1,-0.27687980678969,0.0766624274078963,-0.021226278088727,1,1,"berlin",1,0,0,0,0,0,0,0,1
"603",999,"Bailey-2016-11-10-09-59",4.02,0,0,1,-1.91379972024428,3.66262936920709,-7.00953906214703,0,3,"phoenix",0,0,1,0,0,0,0,0,0
"604",1000,"Bailey-2016-11-10-11-01",7.27,0,0,1,-0.603457424991222,0.364160863777037,-0.21975557713747,0,3,"phoenix",0,0,1,0,0,0,0,0,1
"605",1001,"Bailey-2016-11-10-11-25",4.61,0,0,1,-1.67592219587527,2.80871520662737,-4.70718815667919,1,3,"phoenix",0,0,1,0,0,0,0,0,0
"606",1002,"Bailey-2016-11-12-13-16",6.39,0,0,1,-0.958257800321282,0.918258011876581,-0.879927902588246,0,3,"phoenix",0,0,1,0,0,0,0,0,0
"607",1003,"Bailey-2016-11-12-13-44",4.48,0,0,1,-1.72833588768539,2.98714494066124,-5.16278980266265,1,3,"phoenix",0,0,1,0,0,0,0,0,1
"608",1005,"Bailey-2016-11-12-15-29",9.3,0,0,1,0.215002531736074,0.0462260886529215,0.00993872609263431,1,3,"phoenix",0,0,1,0,0,0,0,0,1
"609",1006,"Bailey-2016-11-12-15-46",8.15,0,0,1,-0.248657049661163,0.061830328346194,-0.0153745470261456,1,3,"phoenix",0,0,1,0,0,0,0,0,0
"610",1007,"Bailey-2016-11-13-13-24",9,0,0,1,0.0940478583280988,0.00884499965610215,0.000831853274569178,0,3,"phoenix",0,0,1,0,0,0,0,0,1
"611",1008,"Bailey-2016-11-13-13-59",8.58,0,0,1,-0.0752886844430658,0.00566838600516754,-0.000426765325244549,0,3,"phoenix",0,0,1,0,0,0,0,0,1
"612",1009,"Bailey-2016-11-13-14-23",11.13,0,0,1,0.95282603952472,0.907877461596363,0.865049286106619,0,3,"phoenix",0,0,1,0,0,0,0,0,1
"613",1010,"Bailey-2016-11-13-15-14",6.3,0,0,1,-0.994544202343674,0.989118170415415,-0.983721741819433,1,3,"phoenix",0,0,1,0,0,0,0,0,0
"614",1011,"Bailey-2016-11-13-15-44",5.73,0,0,1,-1.22435808181883,1.49905271251507,-1.83537730364026,0,3,"phoenix",0,0,1,0,0,0,0,0,1
"615",1012,"Bailey-2016-11-15-10-55",4.12,0,0,1,-1.87348149577496,3.50993291501117,-6.57579436768489,0,3,"phoenix",0,0,1,0,0,0,0,0,0
"616",1013,"Bailey-2016-11-15-11-39",8.62,0,0,1,-0.0591613946553362,0.00350007061756444,-0.000207069059127276,0,3,"phoenix",0,0,1,0,0,0,0,0,1
"617",1014,"Bailey-2016-11-17-09-36",4.82,0,0,1,-1.59125392448968,2.53208905220382,-4.02919664147668,1,3,"phoenix",0,0,1,0,0,0,0,0,1
"618",1015,"Bailey-2016-11-17-10-34",5.17,0,0,1,-1.45014013884705,2.10290642229533,-3.04950901120969,1,3,"phoenix",0,0,1,0,0,0,0,0,0
"619",1016,"Bailey-2016-11-17-12-11",5.21,0,0,1,-1.43401284905932,2.05639285126722,-2.94889377143091,1,3,"phoenix",0,0,1,0,0,0,0,0,1
"620",1017,"Bailey-2016-11-19-13-31",10.32,0,0,1,0.626248421323188,0.392187085209785,0.24560654297597,0,3,"phoenix",0,0,1,0,0,0,0,0,1
"621",1018,"Bailey-2016-11-19-14-12",8.58,0,0,1,-0.0752886844430658,0.00566838600516754,-0.000426765325244549,1,3,"phoenix",0,0,1,0,0,0,0,0,0
"622",1019,"Bailey-2016-11-19-14-33",8.09,0,0,1,-0.272847984342758,0.0744460225599059,-0.0203124471978058,1,3,"phoenix",0,0,1,0,0,0,0,0,1
"623",1020,"Bailey-2016-11-19-14-56",5.24,0,0,1,-1.42191738171852,2.02184904043325,-2.87490229380294,0,3,"phoenix",0,0,1,0,0,0,0,0,0
"624",1021,"Bailey-2016-11-19-15-44",5.96,0,0,1,-1.13162616553938,1.28057777853336,-1.44913532119664,1,3,"phoenix",0,0,1,0,0,0,0,0,0
"625",1024,"Bailey-2016-11-20-13-42",8.22,0,0,1,-0.220434292532635,0.0485912773243634,-0.0107111838402531,1,3,"phoenix",0,0,1,0,0,0,0,0,1
"626",1025,"Bailey-2016-11-20-14-06",8.73,1,0,0,-0.0148113477390783,0.0002193760218479,-3.24925454520488e-06,1,3,"phoenix",0,0,1,0,0,0,0,0,1
"627",1026,"Bailey-2016-11-20-14-35",7.7,0,0,1,-0.430089059773125,0.184976599336531,-0.0795564116886786,1,3,"phoenix",0,0,1,0,0,0,0,0,0
"628",1027,"Bailey-2016-11-20-14-56",5.72,0,0,1,-1.22838990426576,1.50894175690204,-1.8535688203035,1,3,"phoenix",0,0,1,0,0,0,0,0,0
"629",1029,"Bailey-2016-11-22-09-58",5.48,0,0,1,-1.32515364299214,1.75603217753534,-2.32701243727237,0,3,"phoenix",0,0,1,0,0,0,0,0,0
"630",1030,"Bailey-2016-11-22-10-36",4.8,0,1,0,-1.59931756938355,2.5578166877389,-4.09076116796325,0,3,"phoenix",0,0,1,0,0,0,0,0,0
"631",1031,"Bailey-2016-11-22-11-08",8.66,1,0,0,-0.0430341048676058,0.0018519341817561,-7.96963297855957e-05,1,3,"phoenix",0,0,1,0,0,0,0,0,1
"632",1032,"Bailey-2016-11-22-11-40",6.16,0,0,1,-1.05098971660073,1.10457938440048,-1.16090157417407,0,3,"phoenix",0,0,1,0,0,0,0,0,0
"633",1033,"Bailey-2016-11-22-11-59",5.97,0,0,1,-1.12759434309245,1.27146900257409,-1.43370125471993,0,3,"phoenix",0,0,1,0,0,0,0,0,0
"634",1034,"Bailey-2016-11-22-12-13",6.1,0,0,1,-1.07518065128232,1.15601343289188,-1.24292327566781,0,3,"phoenix",0,0,1,0,0,0,0,0,0
"635",1035,"Bailey-2016-11-27-13-56",5.45,0,1,0,-1.33724911033294,1.78823518308623,-2.39131590764811,1,3,"phoenix",0,0,1,0,0,0,0,0,0
"636",1036,"Bailey-2016-11-27-14-38",10.92,0,0,1,0.868157768139137,0.753697910380328,0.654328695726917,0,3,"phoenix",0,0,1,0,0,0,0,0,0
"637",1037,"Bailey-2016-11-27-15-00",9.34,1,0,0,0.231129821523803,0.0534209943976253,0.0123471849007472,0,3,"phoenix",0,0,1,0,0,0,0,0,1
"638",1038,"Bailey-2016-11-27-15-25",5.48,1,0,0,-1.32515364299214,1.75603217753534,-2.32701243727237,1,3,"phoenix",0,0,1,0,0,0,0,0,1
"639",1039,"Bailey-2016-11-27-15-46",7.75,0,0,1,-0.409929947538463,0.168042561888887,-0.0688856785793402,0,3,"phoenix",0,0,1,0,0,0,0,0,0
"640",1040,"Bailey-2016-12-01-11-00",5.2,0,1,0,-1.43804467150625,2.06797247724751,-2.97383680172736,0,3,"phoenix",0,0,1,0,0,0,0,0,0
"641",1042,"Bailey-2016-12-03-14-25",6.11,1,0,0,-1.07114882883539,1.14735981351543,-1.22899312049985,0,3,"phoenix",0,0,1,0,0,0,0,0,0
"642",1043,"Bailey-2016-12-03-14-54",6.71,0,0,1,-0.829239482019442,0.687638118539872,-0.570216677234827,1,3,"phoenix",0,0,1,0,0,0,0,0,0
"643",1044,"Bailey-2016-12-03-15-18",4.47,1,0,0,-1.73236771013232,3.0010978831091,-5.19900506764466,1,3,"phoenix",0,0,1,0,0,0,0,0,0
"644",1045,"Bailey-2016-12-04-13-32",6.71,0,0,1,-0.829239482019442,0.687638118539872,-0.570216677234827,0,3,"phoenix",0,0,1,0,0,0,0,0,0
"645",1046,"Bailey-2016-12-04-13-53",9.65,0,1,0,0.356116317378711,0.126818831503375,0.0451622552492531,1,3,"phoenix",0,0,1,0,0,0,0,0,0
"646",1047,"Bailey-2016-12-04-15-14",5.02,1,0,0,-1.51061747555103,2.28196515744018,-3.44717644542769,1,3,"phoenix",0,0,1,0,0,0,0,0,0
"647",1049,"Bailey-2016-12-10-13-44",8.56,0,1,0,-0.0833523293369306,0.00694761080589215,-0.00057909954399754,0,3,"phoenix",0,0,1,0,0,0,0,0,0
"648",1050,"Bailey-2016-12-10-14-09",10.1,0,0,1,0.537548327490673,0.28895820438802,0.155328999483488,0,3,"phoenix",0,0,1,0,0,0,0,0,0
"649",1052,"Bailey-2016-12-10-14-55",8.24,1,0,0,-0.21237064763877,0.0451012919785108,-0.00957819058682162,0,3,"phoenix",0,0,1,0,0,0,0,0,1
"650",1053,"Bailey-2016-12-11-13-59",8.32,1,0,0,-0.180116068063311,0.0324417979745871,-0.0058432890920869,0,3,"phoenix",0,0,1,0,0,0,0,0,0
"651",1054,"Bailey-2016-12-15-10-24",4.39,0,1,0,-1.76462228970778,3.11389182533353,-5.49484292272239,0,3,"phoenix",0,0,1,0,0,0,0,0,0
"652",1055,"Bailey-2016-12-15-12-09",4.61,0,1,0,-1.67592219587527,2.80871520662737,-4.70718815667919,1,3,"phoenix",0,0,1,0,0,0,0,0,0
"653",1056,"Bailey-2016-12-17-13-17",6.52,1,0,0,-0.905844108511159,0.820553548924377,-0.74329359801107,1,3,"phoenix",0,0,1,0,0,0,0,0,1
"654",1057,"Bailey-2016-12-17-14-30",7.74,0,1,0,-0.413961769985395,0.171364347009441,-0.0709382884004197,1,3,"phoenix",0,0,1,0,0,0,0,0,0
"655",1058,"Bailey-2016-12-17-15-02",7.94,1,0,0,-0.333325321046745,0.111105769650916,-0.0370343663390372,0,3,"phoenix",0,0,1,0,0,0,0,0,0
"656",1059,"Bailey-2016-12-17-15-41",8.59,0,1,0,-0.0712568619961334,0.005077540381536,-0.000361809594246905,0,3,"phoenix",0,0,1,0,0,0,0,0,1
"657",1060,"Bailey-2016-12-18-15-04",7.13,1,0,0,-0.659902939248277,0.435471889228515,-0.287369179661898,0,3,"phoenix",0,0,1,0,0,0,0,0,1
"658",1061,"Bailey-2016-12-18-15-35",9.32,0,1,0,0.223066176629939,0.049758519156299,0.0110994426229632,1,3,"phoenix",0,0,1,0,0,0,0,0,1
"659",1062,"Bailey-2016-12-31-13-29",6.73,1,0,0,-0.821175837125577,0.674329755478892,-0.553743301454064,1,3,"phoenix",0,0,1,0,0,0,0,0,1
"660",1063,"Bailey-2016-12-31-13-53",6.16,0,1,0,-1.05098971660073,1.10457938440048,-1.16090157417407,1,3,"phoenix",0,0,1,0,0,0,0,0,0
"661",1064,"Bailey-2016-12-31-14-22",6.46,1,0,0,-0.930035043192754,0.864965181566548,-0.804447929998473,1,3,"phoenix",0,0,1,0,0,0,0,0,1
"662",1065,"Bailey-2016-12-31-15-00",7.81,0,1,0,-0.385739012856868,0.148794586039791,-0.0573958767374352,0,3,"phoenix",0,0,1,0,0,0,0,0,0
"663",1066,"Bailey-2016-12-31-15-28",4.86,1,0,0,-1.57512663470195,2.4810239153475,-3.90792685039637,0,3,"phoenix",0,0,1,0,0,0,0,0,0
"664",1067,"Bailey-2016-11-13-14-47",7.96,0,0,1,-0.32526167615288,0.105795157973781,-0.0344111104114109,0,3,"phoenix",0,0,1,0,0,0,0,0,0
"665",1068,"Bailey-2016-11-19-15-20",9.16,0,0,1,0.158557017479019,0.0251403277918419,0.00398617539311933,1,3,"phoenix",0,0,1,0,0,0,0,0,1
"666",1070,"Bailey-2017-01-09-16-27",8.81,1,0,0,0.0174432318363817,0.000304266336897759,5.30738825451423e-06,0,3,"phoenix",0,0,1,0,0,0,0,0,1
"667",1071,"Bailey-2017-01-10-15-14",8.19,0,1,0,-0.232529759873433,0.0540700892267965,-0.0125729048642421,0,3,"phoenix",0,0,1,0,0,0,0,0,0
"668",1072,"Bailey-2017-01-11-15-17",7.06,0,1,0,-0.688125696376805,0.473516974014063,-0.325839197489664,0,3,"phoenix",0,0,1,0,0,0,0,0,0
"669",1073,"Bailey-2017-01-12-11-09",9.22,1,0,0,0.182747952160614,0.033396814018898,0.0061031993706425,1,3,"phoenix",0,0,1,0,0,0,0,0,1
"670",1074,"Bailey-2017-01-12-15-24",8.06,1,0,0,-0.284943451683555,0.0811927706573386,-0.0231353483228533,0,3,"phoenix",0,0,1,0,0,0,0,0,1
"671",1075,"Bailey-2017-01-13-10-04",5.42,1,0,0,-1.34934457767373,1.82073078929751,-2.45679321794221,1,3,"phoenix",0,0,1,0,0,0,0,0,1
"672",1076,"Bailey-2017-01-13-10-40",5.45,1,0,0,-1.33724911033294,1.78823518308623,-2.39131590764811,0,3,"phoenix",0,0,1,0,0,0,0,0,1
"673",1077,"Bailey-2017-01-13-11-06",8.67,1,0,0,-0.0390022824206734,0.00152117803402197,-5.93294152950498e-05,1,3,"phoenix",0,0,1,0,0,0,0,0,1
"674",1078,"Bailey-2017-01-14-13-25",11.11,0,1,0,0.944762394630854,0.892575982308626,0.843272222435885,0,3,"phoenix",0,0,1,0,0,0,0,0,0
"675",1079,"Bailey-2017-01-14-13-43",8.75,0,1,0,-0.00674770284521348,4.55314936873021e-05,-3.07232989500628e-07,1,3,"phoenix",0,0,1,0,0,0,0,0,0
"676",1080,"Bailey-2017-01-14-14-15",5.68,0,1,0,-1.24451719405349,1.54882304629477,-1.92753691166014,1,3,"phoenix",0,0,1,0,0,0,0,0,0
"677",1081,"Bailey-2017-01-14-14-45",5.91,0,1,0,-1.15178527777404,1.32660932609703,-1.5279690911563,0,3,"phoenix",0,0,1,0,0,0,0,0,0
"678",1082,"Bailey-2017-01-14-15-11",6.11,0,1,0,-1.07114882883539,1.14735981351543,-1.22899312049985,0,3,"phoenix",0,0,1,0,0,0,0,0,0
"679",1083,"Bailey-2017-01-15-13-15",6.02,1,0,0,-1.10743523085778,1.22641279054503,-1.35817273182418,1,3,"phoenix",0,0,1,0,0,0,0,0,0
"680",1084,"Bailey-2017-01-15-13-41",6.57,1,0,0,-0.885684996276497,0.784437912629298,-0.694764889726222,0,3,"phoenix",0,0,1,0,0,0,0,0,1
"681",1085,"Bailey-2017-01-15-14-06",6.99,1,0,0,-0.716348453505332,0.513155106839481,-0.367597867192825,0,3,"phoenix",0,0,1,0,0,0,0,0,1
"682",1086,"Bailey-2017-01-15-15-05",7.51,1,0,0,-0.506693686264843,0.256738491700655,-0.13008777276588,0,3,"phoenix",0,0,1,0,0,0,0,0,1
"683",1087,"Bailey-2017-01-04-15-35",9.01,0,1,0,0.0980796807750312,0.00961962378093203,0.000943489629609712,0,3,"phoenix",0,0,1,0,0,0,0,0,1
"684",1088,"Bailey-2017-01-04-16-09",9.49,1,0,0,0.291607158227791,0.0850347347296879,0.0247967373451783,0,3,"phoenix",0,0,1,0,0,0,0,0,1
"685",1089,"Bailey-2017-01-04-16-48",6.94,1,0,0,-0.736507565739994,0.542443394392252,-0.399513663955577,1,3,"phoenix",0,0,1,0,0,0,0,0,1
"686",1090,"Bailey-2017-01-09-15-51",7.01,0,1,0,-0.708284808611467,0.501667370109783,-0.355323377224825,1,3,"phoenix",0,0,1,0,0,0,0,0,0
"687",1091,"Bailey-2017-01-17-15-19",11.38,0,1,0,1.05362160069803,1.11011847745748,1.16964480718322,1,3,"phoenix",0,0,1,0,0,0,0,0,1
"688",1092,"Bailey-2017-01-18-10-46",8.6,0,1,0,-0.067225039549201,0.00451920594239164,-0.000303803798208262,1,3,"phoenix",0,0,1,0,0,0,0,0,0
"689",1093,"Bailey-2017-01-18-11-39",10.44,0,1,0,0.674630290686377,0.455126029111586,0.307041805318486,0,3,"phoenix",0,0,1,0,0,0,0,0,0
"690",1094,"Bailey-2017-01-18-12-28",10.45,0,1,0,0.67866211313331,0.460582263802569,0.312579732423975,0,3,"phoenix",0,0,1,0,0,0,0,0,0
"691",1095,"Bailey-2017-01-18-15-21",9.17,1,0,0,0.162588839925951,0.0264351308684666,0.00429805726119468,0,3,"phoenix",0,0,1,0,0,0,0,0,1
"692",1096,"Bailey-2017-01-19-10-56",4.91,1,0,0,-1.55496752246729,2.41792399592806,-3.75979328546247,0,3,"phoenix",0,0,1,0,0,0,0,0,1
"693",1097,"Bailey-2017-01-19-11-29",7.08,0,1,0,-0.68006205148294,0.462484393867184,-0.314518085672161,0,3,"phoenix",0,0,1,0,0,0,0,0,0
"694",1098,"Bailey-2017-01-20-10-01",6.85,0,1,0,-0.772793967762387,0.597210516609933,-0.461520684720415,1,3,"phoenix",0,0,1,0,0,0,0,0,0
"695",1099,"Bailey-2017-01-20-11-10",6.08,0,1,0,-1.08324429617619,1.17341820519825,-1.2710985778103,1,3,"phoenix",0,0,1,0,0,0,0,0,0
"696",1101,"Bailey-2017-01-21-13-37",8.46,0,1,0,-0.123670553806255,0.0152944058787459,-0.00189146764516216,1,3,"phoenix",0,0,1,0,0,0,0,0,0
"697",1102,"Bailey-2017-01-21-13-59",10.2,0,1,0,0.577866551959998,0.333929751874137,0.192966834312365,0,3,"phoenix",0,0,1,0,0,0,0,0,0
"698",1103,"Bailey-2017-01-21-14-19",12.1,0,1,0,1.34391281687717,1.80610165936673,2.42724316860608,1,3,"phoenix",0,0,1,0,0,0,0,0,1
"699",1104,"Bailey-2017-01-21-14-39",8.38,0,1,0,-0.155925133381715,0.0243126472201057,-0.00379095276065758,1,3,"phoenix",0,0,1,0,0,0,0,0,0
"700",1105,"Bailey-2017-01-21-15-25",8.59,0,0,1,-0.0712568619961334,0.005077540381536,-0.000361809594246905,1,3,"phoenix",0,0,1,0,0,0,0,0,0
"701",1106,"Bailey-2017-01-21-15-46",11.52,0,1,0,1.11006711495509,1.23224899970471,1.3678790920085,1,3,"phoenix",0,0,1,0,0,0,0,0,1
"702",1107,"Bailey-2017-01-22-13-57",6.53,0,0,1,-0.901812286064227,0.813265399296386,-0.73341272891641,1,3,"phoenix",0,0,1,0,0,0,0,0,0
"703",1108,"Bailey-2017-01-22-14-25",7.9,0,0,1,-0.349452610834475,0.122117127219031,-0.0426741489342962,0,3,"phoenix",0,0,1,0,0,0,0,0,0
"704",1109,"Bailey-2017-01-22-14-49",10.69,1,0,0,0.77542585185969,0.601285251732325,0.466252128535206,1,3,"phoenix",0,0,1,0,0,0,0,0,1
"705",1110,"Bailey-2017-01-22-15-14",6.78,0,0,1,-0.801016724890914,0.641627793554967,-0.513954593792383,0,3,"phoenix",0,0,1,0,0,0,0,0,1
"706",1111,"Bailey-2017-01-22-15-44",4.98,1,0,0,-1.52674476533876,2.33094957848931,-3.55876506722715,1,3,"phoenix",0,0,1,0,0,0,0,0,1
"707",1112,"Bailey-2017-01-25-11-12",8.75,0,1,0,-0.00674770284521348,4.55314936873021e-05,-3.07232989500628e-07,0,3,"phoenix",0,0,1,0,0,0,0,0,0
"708",1113,"Bailey-2017-01-25-11-33",10.14,1,0,0,0.553675617278403,0.306556689168621,0.16973296410626,1,3,"phoenix",0,0,1,0,0,0,0,0,1
"709",1114,"Bailey-2017-01-27-10-30",6.26,1,0,0,-1.0106714921314,1.02145686500712,-1.03235733390461,1,3,"phoenix",0,0,1,0,0,0,0,0,0
"710",1115,"Bailey-2017-01-27-11-50",6.16,0,1,0,-1.05098971660073,1.10457938440048,-1.16090157417407,0,3,"phoenix",0,0,1,0,0,0,0,0,0
"711",1116,"Bailey-2017-01-27-12-13",9.2,1,0,0,0.174684307266748,0.0305146072052638,0.00533042302116843,1,3,"phoenix",0,0,1,0,0,0,0,0,1
"712",1117,"Bailey-2017-01-28-13-08",9.56,0,1,0,0.319829915356319,0.10229117475683,0.0327157777641753,0,3,"phoenix",0,0,1,0,0,0,0,0,1
"713",1118,"Bailey-2017-01-28-13-33",5.58,1,0,0,-1.28483541852281,1.65080205269069,-2.12100894626717,0,3,"phoenix",0,0,1,0,0,0,0,0,1
"714",1119,"Bailey-2017-01-20-10-39",5.88,0,1,0,-1.16388074511484,1.35461838884907,-1.57661425975992,0,3,"phoenix",0,0,1,0,0,0,0,0,0
"715",1120,"Bailey-2017-01-20-11-49",6.4,0,0,1,-0.954225977874349,0.910547216850257,-0.868867808399704,1,3,"phoenix",0,0,1,0,0,0,0,0,0
"716",1121,"Bailey-2017-01-28-14-54",5.32,0,1,0,-1.38966280214306,1.9311627036601,-2.68366497416245,1,3,"phoenix",0,0,1,0,0,0,0,0,0
"717",1122,"Bailey-2017-01-28-15-16",12.24,1,0,0,1.40035833113423,1.96100345557704,2.74610752640031,1,3,"phoenix",0,0,1,0,0,0,0,0,1
"718",1123,"Bailey-2017-01-29-13-46",10.21,1,0,0,0.581898374406931,0.338605718137429,0.197034116949061,0,3,"phoenix",0,0,1,0,0,0,0,0,1
"719",1124,"Bailey-2017-01-29-15-04",10.33,1,0,0,0.63028024377012,0.397253185686922,0.25038083471321,1,3,"phoenix",0,0,1,0,0,0,0,0,1
"720",1125,"Bailey-2017-01-29-15-29",6.94,0,0,1,-0.736507565739994,0.542443394392252,-0.399513663955577,0,3,"phoenix",0,0,1,0,0,0,0,0,0
