"","X","SUBJECT_ID","ADULT_CHILD","AGE_in_years","age_c","GENDER","GENDER_1female","fieldid","FIELDSITE","berlin","laplata","phoenix","pune","shuar","wiichi","tanna","T1_ad_choice_1yes","T5_ad_choice_1yes"
"1",1,"RA1-2017-04-16-13-50","adult",29.55,-0.43742570635808,"MALE",0,3,"phoenix",0,0,1,0,0,0,0,1,1
"2",2,"RA1-2017-04-16-14-13","adult",24.66,-0.772281614412134,"FEMALE",1,3,"phoenix",0,0,1,0,0,0,0,1,1
"3",3,"RA1-2017-04-16-14-38","adult",60.59,1.68812181634087,"FEMALE",1,3,"phoenix",0,0,1,0,0,0,0,0,1
"4",4,"RA1-2017-04-16-15-12","adult",72.64,2.5132779905845,"MALE",0,3,"phoenix",0,0,1,0,0,0,0,0,0
"5",6,"Bailey-2017-04-22-14-56","adult",36.16,0.0152118298867675,"FEMALE",1,3,"phoenix",0,0,1,0,0,0,0,0,1
"6",7,"Bailey-2017-04-23-15-14","adult",40.75,0.329524430698243,"MALE",0,3,"phoenix",0,0,1,0,0,0,0,1,1
"7",8,"Bailey-2017-04-28-12-48","adult",54.42,1.26561446405181,"FEMALE",1,3,"phoenix",0,0,1,0,0,0,0,1,1
"8",9,"Bailey-2017-05-23-15-46","adult",23.01,-0.885269804246325,"MALE",0,3,"phoenix",0,0,1,0,0,0,0,1,1
"9",12,"Bailey-2017-05-23-17-58","adult",21.47,-0.990725448091569,"MALE",0,3,"phoenix",0,0,1,0,0,0,0,0,0
"10",13,"RA1-2017-05-23-18-17","adult",17.75,-1.24546245789956,"FEMALE",1,3,"phoenix",0,0,1,0,0,0,0,0,1
"11",14,"Bailey-2017-05-30-15-50","adult",25.51,-0.714075577224824,"MALE",0,3,"phoenix",0,0,1,0,0,0,0,0,0
"12",15,"RA1-2017-05-30-16-24","adult",20.77,-1.03865983165759,"FEMALE",1,3,"phoenix",0,0,1,0,0,0,0,0,1
"13",16,"RA1-2017-05-30-16-42","adult",20.35,-1.0674204617972,"FEMALE",1,3,"phoenix",0,0,1,0,0,0,0,0,1
"14",18,"Bailey-2017-05-30-18-14","adult",23.04,-0.883215473522067,"FEMALE",1,3,"phoenix",0,0,1,0,0,0,0,1,1
"15",19,"Bailey-2017-06-08-12-50","adult",25.62,-0.706543031235878,"FEMALE",1,3,"phoenix",0,0,1,0,0,0,0,0,1
"16",20,"Bailey-2017-06-08-13-17","adult",21.45,-0.992095001907741,"FEMALE",1,3,"phoenix",0,0,1,0,0,0,0,1,1
"17",21,"Bailey-2017-06-08-13-47","adult",25.85,-0.6907931623499,"MALE",0,3,"phoenix",0,0,1,0,0,0,0,1,1
"18",22,"Bailey-2017-06-08-14-17","adult",26.1,-0.67367373964775,"MALE",0,3,"phoenix",0,0,1,0,0,0,0,1,1
"19",23,"Bailey-2017-06-08-15-18","adult",19.33,-1.13726770642197,"FEMALE",1,3,"phoenix",0,0,1,0,0,0,0,0,0
"20",24,"Bailey-2017-06-08-16-08","adult",19.64,-1.11603962227131,"FEMALE",1,3,"phoenix",0,0,1,0,0,0,0,1,1
"21",25,"Bailey-2017-06-08-16-34","adult",33.81,-0.145710743513443,"FEMALE",1,3,"phoenix",0,0,1,0,0,0,0,1,1
"22",26,"Bailey-2017-06-29-12-37","adult",31.65,-0.293622555660019,"MALE",0,3,"phoenix",0,0,1,0,0,0,0,0,1
"23",27,"Bailey-2017-06-29-13-09","adult",23.61,-0.844183189761165,"MALE",0,3,"phoenix",0,0,1,0,0,0,0,1,1
"24",28,"Bailey-2017-06-29-14-00","adult",28.89,-0.482620982291756,"FEMALE",1,3,"phoenix",0,0,1,0,0,0,0,1,1
"25",29,"Bailey-2017-06-29-15-24","adult",34.6,-0.0916133677746484,"MALE",0,3,"phoenix",0,0,1,0,0,0,0,0,1
"26",30,"Bailey-2017-06-29-16-19","adult",32.93,-0.205971111425011,"MALE",0,3,"phoenix",0,0,1,0,0,0,0,0,1
"27",31,"Bailey-2017-06-30-12-27","adult",29.55,-0.43742570635808,"FEMALE",1,3,"phoenix",0,0,1,0,0,0,0,1,1
"28",32,"Bailey-2017-06-30-14-01","adult",26.76,-0.628478463714074,"MALE",0,3,"phoenix",0,0,1,0,0,0,0,1,1
"29",33,"Bailey-2017-06-30-15-22","adult",27.58,-0.572326757251022,"FEMALE",1,3,"phoenix",0,0,1,0,0,0,0,1,1
"30",34,"Bailey-2017-06-30-17-14","adult",31.21,-0.323752739615803,"FEMALE",1,3,"phoenix",0,0,1,0,0,0,0,1,1
"31",35,"Bailey-2017-06-30-17-46","adult",41.55,0.384306583345123,"FEMALE",1,3,"phoenix",0,0,1,0,0,0,0,1,1
"32",36,"Bailey-2017-08-07-11-20","adult",42.84,0.472642804488217,"MALE",0,3,"phoenix",0,0,1,0,0,0,0,0,0
"33",37,"Bailey-2017-08-07-11-58","adult",23.15,-0.875682927533121,"FEMALE",1,3,"phoenix",0,0,1,0,0,0,0,1,1
"34",38,"Bailey-2017-08-07-12-28","adult",21.32,-1.00099710171286,"MALE",0,3,"phoenix",0,0,1,0,0,0,0,0,1
"35",39,"Bailey-2017-08-07-13-20","adult",20.72,-1.04208371619802,"MALE",0,3,"phoenix",0,0,1,0,0,0,0,1,1
"36",40,"Bailey-2017-08-07-15-29","adult",25.62,-0.706543031235878,"MALE",0,3,"phoenix",0,0,1,0,0,0,0,0,1
"37",102,"Emma-2017-07-05-09-52","adult",34.53,-0.0964068061312505,"FEMALE",1,7,"tanna",0,0,0,0,0,0,1,1,1
"38",103,"Emma-2017-07-05-10-54","adult",39.53,0.245981647911751,"MALE",0,7,"tanna",0,0,0,0,0,0,1,1,1
"39",104,"Emma-2017-07-05-12-21","adult",18.97,-1.16191967511307,"FEMALE",1,7,"tanna",0,0,0,0,0,0,1,0,1
"40",105,"Emma-2017-07-05-17-22","adult",22.16,-0.943475841433635,"FEMALE",1,7,"tanna",0,0,0,0,0,0,1,1,1
"41",106,"Emma-2017-07-06-08-17","adult",17.27,-1.27833174948769,"MALE",0,7,"tanna",0,0,0,0,0,0,1,0,0
"42",136,"Andrew-2017-07-05-15-34","adult",17.78,-1.2434081271753,"MALE",0,5,"shuar",0,0,0,0,1,0,0,1,1
"43",165,"Alejandro-2017-07-04-14-01","adult",26.58,-0.640804448059622,"MALE",0,5,"shuar",0,0,0,0,1,0,0,0,0
"44",166,"Alejandro-2017-07-04-16-01","adult",17.95,-1.23176691973784,"MALE",0,5,"shuar",0,0,0,0,1,0,0,0,0
"45",167,"Alejandro-2017-07-05-16-31","adult",33.9,-0.139547751340669,"MALE",0,5,"shuar",0,0,0,0,1,0,0,0,0
"46",168,"Alejandro-2017-07-06-10-30","adult",25.32,-0.727086338478458,"FEMALE",1,5,"shuar",0,0,0,0,1,0,0,0,0
"47",169,"Alejandro-2017-07-06-11-32","adult",25.06,-0.744890538088695,"MALE",0,5,"shuar",0,0,0,0,1,0,0,0,0
"48",170,"Alejandro-2017-07-06-15-07","adult",48.01,0.82667246596868,"FEMALE",1,5,"shuar",0,0,0,0,1,0,0,0,1
"49",171,"Alejandro-2017-07-07-09-46","adult",51.98,1.09852889847882,"MALE",0,5,"shuar",0,0,0,0,1,0,0,1,0
"50",173,"Alejandro-2017-07-07-14-42","adult",47.22,0.772575090229886,"MALE",0,5,"shuar",0,0,0,0,1,0,0,0,0
"51",182,"Andrew-2017-07-06-12-55","adult",17.47,-1.26463621132597,"FEMALE",1,5,"shuar",0,0,0,0,1,0,0,0,0
"52",184,"Andrew-2017-07-07-10-58","adult",41.03,0.348698184124651,"FEMALE",1,5,"shuar",0,0,0,0,1,0,0,0,0
"53",185,"Andrew-2017-07-07-13-34","adult",20.43,-1.06194224653251,"MALE",0,5,"shuar",0,0,0,0,1,0,0,1,0
"54",186,"Andrew-2017-07-07-15-21","adult",45.86,0.67944543073019,"FEMALE",1,5,"shuar",0,0,0,0,1,0,0,0,1
"55",193,"Andrew-2017-07-11-10-11","adult",43.59,0.524001072594668,"MALE",0,5,"shuar",0,0,0,0,1,0,0,1,1
"56",194,"Andrew-2017-07-11-10-43","adult",47.58,0.797227058920982,"FEMALE",1,5,"shuar",0,0,0,0,1,0,0,0,1
"57",195,"Andrew-2017-07-11-11-12","adult",43.47,0.515783749697635,"FEMALE",1,5,"shuar",0,0,0,0,1,0,0,0,0
"58",197,"Alejandro-2017-07-11-10-49","adult",55.18,1.31765750906634,"MALE",0,5,"shuar",0,0,0,0,1,0,0,0,1
"59",198,"Alejandro-2017-07-11-11-16","adult",35.04,-0.0614831838188645,"MALE",0,5,"shuar",0,0,0,0,1,0,0,0,0
"60",199,"Andrew-2017-07-29-10-44","adult",42.15,0.425393197830283,"FEMALE",1,5,"shuar",0,0,0,0,1,0,0,0,0
"61",200,"Andrew-2017-07-29-12-25","adult",45.06,0.62466327808331,"MALE",0,5,"shuar",0,0,0,0,1,0,0,0,1
"62",212,"Suheyla-2017-06-19-10-57","adult",46.5,0.723271152847694,"FEMALE",1,4,"pune",0,0,0,1,0,0,0,1,1
"63",213,"Iris-2017-06-19-09-36","adult",42.27,0.433610520727315,"FEMALE",1,4,"pune",0,0,0,1,0,0,0,1,1
"64",261,"Suheyla-2017-06-23-17-33","adult",66.42,2.08734675375501,"FEMALE",1,4,"pune",0,0,0,1,0,0,0,0,0
"65",262,"Suheyla-2017-06-23-18-31","adult",68.04,2.19828061286494,"MALE",0,4,"pune",0,0,0,1,0,0,0,1,1
"66",263,"Suheyla-2017-06-23-18-57","adult",68.9,2.25717142696034,"FEMALE",1,4,"pune",0,0,0,1,0,0,0,1,0
"67",264,"Suheyla-2017-06-23-19-38","adult",44.49,0.585630994322408,"FEMALE",1,4,"pune",0,0,0,1,0,0,0,1,1
"68",265,"Suheyla-2017-06-23-20-06","adult",56.68,1.42037404527924,"MALE",0,4,"pune",0,0,0,1,0,0,0,0,0
"69",266,"Suheyla-2017-06-23-20-37","adult",63.78,1.90656565002031,"FEMALE",1,4,"pune",0,0,0,1,0,0,0,0,0
"70",267,"Suheyla-2017-06-23-21-12","adult",49.57,0.933497663630097,"FEMALE",1,4,"pune",0,0,0,1,0,0,0,1,1
"71",268,"Suheyla-2017-06-23-21-38","adult",21.45,-0.992095001907741,"FEMALE",1,4,"pune",0,0,0,1,0,0,0,1,1
"72",275,"Suheyla-2017-06-26-19-03","adult",20.7,-1.04345327001419,"FEMALE",1,4,"pune",0,0,0,1,0,0,0,0,0
"73",291,"Suheyla-2017-06-27-14-33","adult",38.38,0.16723230348186,"FEMALE",1,4,"pune",0,0,0,1,0,0,0,0,0
"74",292,"Suheyla-2017-06-27-15-02","adult",51.89,1.09236590630605,"FEMALE",1,4,"pune",0,0,0,1,0,0,0,0,0
"75",293,"Suheyla-2017-06-28-12-54","adult",37.02,0.0741026439821642,"MALE",0,4,"pune",0,0,0,1,0,0,0,1,1
"76",294,"Suheyla-2017-06-28-15-34","adult",36.06,0.00836406080590791,"MALE",0,4,"pune",0,0,0,1,0,0,0,1,1
"77",295,"Iris-2017-06-23-17-46","adult",68.75,2.24689977333905,"MALE",0,4,"pune",0,0,0,1,0,0,0,1,1
"78",296,"Iris-2017-06-23-19-09","adult",48.62,0.868443857361926,"MALE",0,4,"pune",0,0,0,1,0,0,0,1,1
"79",297,"Iris-2017-06-23-20-10","adult",51.66,1.07661603742007,"FEMALE",1,4,"pune",0,0,0,1,0,0,0,1,1
"80",307,"Iris-2017-06-28-15-38","adult",36.01,0.00494017626547761,"MALE",0,4,"pune",0,0,0,1,0,0,0,1,1
"81",357,"Iris-2017-07-04-20-48","adult",54.04,1.23959294154454,"FEMALE",1,4,"pune",0,0,0,1,0,0,0,1,1
"82",363,"Suheyla-2017-07-04-20-50","adult",59.93,1.64292654040719,"MALE",0,4,"pune",0,0,0,1,0,0,0,1,1
"83",364,"Suheyla-2017-07-04-21-50","adult",23.58,-0.846237520485423,"MALE",0,4,"pune",0,0,0,1,0,0,0,0,0
"84",372,"Iris-2017-06-23-18-40","adult",66.36,2.08323809230649,"FEMALE",1,4,"pune",0,0,0,1,0,0,0,1,0
"85",373,"Iris-2017-06-23-19-49","adult",73.85,2.59613599646291,"MALE",0,4,"pune",0,0,0,1,0,0,0,0,0
"86",374,"Iris-2017-06-23-21-08","adult",56.11,1.38134176151834,"MALE",0,4,"pune",0,0,0,1,0,0,0,0,1
"87",375,"Iris-2017-06-26-18-58","adult",21.04,-1.02017085513927,"MALE",0,4,"pune",0,0,0,1,0,0,0,0,0
"88",376,"Iris-2017-06-26-20-40","adult",21.18,-1.01058397842606,"FEMALE",1,4,"pune",0,0,0,1,0,0,0,0,0
"89",377,"Iris-2017-06-27-08-18","adult",30.63,-0.363469800284791,"MALE",0,4,"pune",0,0,0,1,0,0,0,1,0
"90",378,"Iris-2017-06-27-14-35","adult",32.02,-0.268285810060837,"FEMALE",1,4,"pune",0,0,0,1,0,0,0,0,1
"91",381,"Iris-2017-06-23-20-36","adult",65.77,2.04283625472942,"MALE",0,4,"pune",0,0,0,1,0,0,0,0,0
"92",426,"Emma-2017-07-15-08-05","adult",27.38,-0.586022295412742,"FEMALE",1,7,"tanna",0,0,0,0,0,0,1,1,1
"93",427,"Emma-2017-07-15-08-41","adult",29.93,-0.411404183850812,"MALE",0,7,"tanna",0,0,0,0,0,0,1,0,1
"94",428,"Emma-2017-07-15-10-18","adult",34.92,-0.0697005067158964,"FEMALE",1,7,"tanna",0,0,0,0,0,0,1,0,1
"95",429,"Emma-2017-07-15-11-00","adult",28.02,-0.542196573295238,"MALE",0,7,"tanna",0,0,0,0,0,0,1,1,0
"96",430,"Emma-2017-07-15-11-36","adult",33.22,-0.186112581090517,"MALE",0,7,"tanna",0,0,0,0,0,0,1,1,1
"97",431,"Emma-2017-07-15-12-13","adult",26.38,-0.654499986221342,"MALE",0,7,"tanna",0,0,0,0,0,0,1,0,0
"98",432,"Emma-2017-07-15-13-37","adult",37.94,0.137102119526076,"MALE",0,7,"tanna",0,0,0,0,0,0,1,0,1
"99",435,"Emma-2017-07-15-16-01","adult",37.34,0.0960155050409162,"FEMALE",1,7,"tanna",0,0,0,0,0,0,1,1,1
"100",436,"Emma-2017-07-16-07-50","adult",40.56,0.316513669444609,"MALE",0,7,"tanna",0,0,0,0,0,0,1,1,0
"101",437,"Emma-2017-07-16-10-07","adult",41.95,0.411697659668563,"FEMALE",1,7,"tanna",0,0,0,0,0,0,1,1,1
"102",438,"Emma-2017-07-16-10-52","adult",35.95,0.00083151481696193,"MALE",0,7,"tanna",0,0,0,0,0,0,1,1,1
"103",439,"Emma-2017-07-16-11-55","adult",52.2,1.11359399045672,"MALE",0,7,"tanna",0,0,0,0,0,0,1,0,1
"104",442,"Emma-2017-07-17-09-23","adult",41.57,0.385676137161295,"FEMALE",1,7,"tanna",0,0,0,0,0,0,1,0,0
"105",443,"Emma-2017-07-17-09-52","adult",32.02,-0.268285810060837,"FEMALE",1,7,"tanna",0,0,0,0,0,0,1,0,1
"106",444,"Emma-2017-07-17-10-57","adult",21.56,-0.984562455918795,"FEMALE",1,7,"tanna",0,0,0,0,0,0,1,0,1
"107",448,"Emma-2017-07-17-13-21","adult",27.56,-0.573696311067194,"MALE",0,7,"tanna",0,0,0,0,0,0,1,0,0
"108",458,"Emma-2017-07-18-11-52","adult",27.52,-0.576435418699538,"FEMALE",1,7,"tanna",0,0,0,0,0,0,1,0,1
"109",461,"Emma-2017-07-19-09-02","adult",30.25,-0.389491322792059,"FEMALE",1,7,"tanna",0,0,0,0,0,0,1,0,1
"110",462,"Emma-2017-07-19-09-51","adult",48.58,0.865704749729582,"MALE",0,7,"tanna",0,0,0,0,0,0,1,1,1
"111",463,"Emma-2017-07-19-12-43","adult",57.56,1.48063441319081,"MALE",0,7,"tanna",0,0,0,0,0,0,1,0,1
"112",464,"Emma-2017-07-19-13-14","adult",32.94,-0.205286334516925,"FEMALE",1,7,"tanna",0,0,0,0,0,0,1,1,1
"113",465,"Emma-2017-07-19-13-59","adult",21.32,-1.00099710171286,"FEMALE",1,7,"tanna",0,0,0,0,0,0,1,0,0
"114",466,"Emma-2017-07-20-07-51","adult",45.58,0.660271677303782,"MALE",0,7,"tanna",0,0,0,0,0,0,1,0,0
"115",467,"Emma-2017-07-20-08-16","adult",43.07,0.488392673374195,"FEMALE",1,7,"tanna",0,0,0,0,0,0,1,0,1
"116",468,"Emma-2017-07-20-08-46","adult",52.08,1.10537666755968,"MALE",0,7,"tanna",0,0,0,0,0,0,1,1,0
"117",469,"Emma-2017-07-20-09-10","adult",28.57,-0.504533843350508,"FEMALE",1,7,"tanna",0,0,0,0,0,0,1,0,0
"118",470,"Emma-2017-07-20-09-54","adult",29.57,-0.436056152541908,"FEMALE",1,7,"tanna",0,0,0,0,0,0,1,0,1
"119",471,"Emma-2017-07-20-10-21","adult",26.57,-0.641489224967708,"MALE",0,7,"tanna",0,0,0,0,0,0,1,0,0
"120",472,"Emma-2017-07-20-10-41","adult",47.58,0.797227058920982,"FEMALE",1,7,"tanna",0,0,0,0,0,0,1,0,0
"121",474,"Emma-2017-07-20-12-32","adult",35.13,-0.0553201916460903,"MALE",0,7,"tanna",0,0,0,0,0,0,1,0,1
"122",475,"Emma-2017-07-20-12-56","adult",48.24,0.842422334854658,"MALE",0,7,"tanna",0,0,0,0,0,0,1,1,1
"123",476,"Emma-2017-07-20-13-18","adult",19.98,-1.09275720739638,"FEMALE",1,7,"tanna",0,0,0,0,0,0,1,0,0
"124",477,"Emma-2017-07-20-13-41","adult",33.92,-0.138178197524497,"MALE",0,7,"tanna",0,0,0,0,0,0,1,0,1
"125",490,"Emma-2017-07-12-16-05","adult",48.05,0.829411573601024,"MALE",0,7,"tanna",0,0,0,0,0,0,1,1,1
"126",496,"Emma-2017-07-13-12-58","adult",47.99,0.825302912152508,"FEMALE",1,7,"tanna",0,0,0,0,0,0,1,1,1
"127",498,"Emma-2017-07-21-11-04","adult",29.57,-0.436056152541908,"FEMALE",1,7,"tanna",0,0,0,0,0,0,1,1,0
"128",513,"Emma-2017-07-23-10-19","adult",45.59,0.660956454211868,"MALE",0,7,"tanna",0,0,0,0,0,0,1,1,1
"129",533,"Emma-2017-07-22-09-14","adult",26.46,-0.649021770956654,"MALE",0,7,"tanna",0,0,0,0,0,0,1,0,1
"130",539,"Emma-2017-07-22-12-30","adult",27.57,-0.573011534159108,"FEMALE",1,7,"tanna",0,0,0,0,0,0,1,1,0
"131",545,"Emma-2017-07-25-08-44","adult",28.65,-0.49905562808582,"FEMALE",1,7,"tanna",0,0,0,0,0,0,1,1,1
"132",547,"Emma-2017-07-25-10-09","adult",37.59,0.113134927743066,"FEMALE",1,7,"tanna",0,0,0,0,0,0,1,0,0
"133",549,"Emma-2017-07-25-10-52","adult",35.59,-0.0238204538741341,"MALE",0,7,"tanna",0,0,0,0,0,0,1,1,0
"134",676,"Carla-2017-06-23-10-12","adult",16.3,-1.34475510957203,"FEMALE",1,6,"wiichi",0,0,0,0,0,1,0,0,0
"135",677,"Carla-2017-06-23-10-38","adult",21.12,-1.01469263987458,"MALE",0,6,"wiichi",0,0,0,0,0,1,0,0,0
"136",678,"Carla-2017-06-23-11-05","adult",19.01,-1.15918056748073,"FEMALE",1,6,"wiichi",0,0,0,0,0,1,0,0,1
"137",679,"Carla-2017-06-23-11-31","adult",23.31,-0.864726497003745,"FEMALE",1,6,"wiichi",0,0,0,0,0,1,0,0,0
"138",680,"Carla-2017-06-23-11-58","adult",32.18,-0.257329379531461,"FEMALE",1,6,"wiichi",0,0,0,0,0,1,0,1,1
"139",681,"Carla-2017-06-23-12-28","adult",18.04,-1.22560392756507,"FEMALE",1,6,"wiichi",0,0,0,0,0,1,0,0,1
"140",682,"Carla-2017-06-23-12-59","adult",34.61,-0.0909285908665626,"FEMALE",1,6,"wiichi",0,0,0,0,0,1,0,0,0
"141",683,"Carla-2017-06-23-13-54","adult",17.05,-1.29339684146558,"FEMALE",1,6,"wiichi",0,0,0,0,0,1,0,0,0
"142",684,"Carla-2017-06-23-13-28","adult",22.11,-0.946899725974065,"MALE",0,6,"wiichi",0,0,0,0,0,1,0,1,0
"143",701,"Carla-2017-06-25-11-11","adult",17.22,-1.28175563402812,"MALE",0,6,"wiichi",0,0,0,0,0,1,0,0,0
"144",702,"Carla-2017-06-25-12-10","adult",16.05,-1.36187453227418,"MALE",0,6,"wiichi",0,0,0,0,0,1,0,1,0
"145",703,"Carla-2017-06-25-12-43","adult",31.61,-0.296361663292363,"FEMALE",1,6,"wiichi",0,0,0,0,0,1,0,1,1
"146",704,"Carla-2017-06-25-13-37","adult",36.04,0.00699450698973569,"FEMALE",1,6,"wiichi",0,0,0,0,0,1,0,0,1
"147",705,"Carla-2017-06-25-14-26","adult",38.3,0.161754088217172,"MALE",0,6,"wiichi",0,0,0,0,0,1,0,0,0
"148",706,"Carla-2017-06-25-17-04","adult",23.06,-0.881845919705895,"MALE",0,6,"wiichi",0,0,0,0,0,1,0,0,0
"149",707,"Carla-2017-06-25-17-58","adult",23.04,-0.883215473522067,"MALE",0,6,"wiichi",0,0,0,0,0,1,0,1,0
"150",708,"Carla-2017-06-25-18-28","adult",67.05,2.13048769896443,"FEMALE",1,6,"wiichi",0,0,0,0,0,1,0,1,0
"151",709,"Carla-2017-06-25-18-56","adult",17.13,-1.28791862620089,"MALE",0,6,"wiichi",0,0,0,0,0,1,0,0,1
"152",710,"Carla-2017-06-25-19-26","adult",45.24,0.636989262428858,"FEMALE",1,6,"wiichi",0,0,0,0,0,1,0,0,0
"153",711,"Carla-2017-06-25-19-55","adult",31.28,-0.318959301259201,"FEMALE",1,6,"wiichi",0,0,0,0,0,1,0,0,1
"154",712,"Carla-2017-06-26-16-55","adult",25.3,-0.72845589229463,"FEMALE",1,6,"wiichi",0,0,0,0,0,1,0,0,0
"155",713,"Carla-2017-06-26-17-24","adult",32.65,-0.225144864851419,"FEMALE",1,6,"wiichi",0,0,0,0,0,1,0,1,1
"156",714,"Carla-2017-06-26-18-01","adult",26.16,-0.669565078199234,"MALE",0,6,"wiichi",0,0,0,0,0,1,0,1,0
"157",715,"Carla-2017-06-26-18-49","adult",17.31,-1.27559264185535,"MALE",0,6,"wiichi",0,0,0,0,0,1,0,0,1
"158",716,"Carla-2017-06-27-16-48","adult",43.36,0.508251203708689,"MALE",0,6,"wiichi",0,0,0,0,0,1,0,0,1
"159",717,"Carla-2017-06-27-17-27","adult",36.31,0.025483483508058,"FEMALE",1,6,"wiichi",0,0,0,0,0,1,0,0,1
"160",718,"Carla-2017-06-27-17-56","adult",66.06,2.06269478506391,"FEMALE",1,6,"wiichi",0,0,0,0,0,1,0,0,0
"161",719,"Carla-2017-06-28-17-01","adult",43.1,0.490447004098453,"FEMALE",1,6,"wiichi",0,0,0,0,0,1,0,0,0
"162",720,"Carla-2017-06-28-17-34","adult",54.31,1.25808191806286,"FEMALE",1,6,"wiichi",0,0,0,0,0,1,0,1,0
"163",721,"Carla-2017-06-28-18-03","adult",33.1,-0.194329903987549,"FEMALE",1,6,"wiichi",0,0,0,0,0,1,0,0,0
"164",736,"Noe-2017-07-24-20-54","adult",42.51,0.450045166521379,"FEMALE",1,2,"laplata",0,1,0,0,0,0,0,1,1
"165",737,"Noe-2017-07-29-14-54","adult",56.64,1.4176349376469,"FEMALE",1,2,"laplata",0,1,0,0,0,0,0,0,1
"166",738,"Noe-2017-07-29-15-18","adult",71.69,2.44822418431633,"FEMALE",1,2,"laplata",0,1,0,0,0,0,0,1,1
"167",777,"Noe-2017-08-24-12-00","adult",20.86,-1.03249683948482,"MALE",0,2,"laplata",0,1,0,0,0,0,0,1,1
"168",778,"Noe-2017-08-24-16-02","adult",18.53,-1.19204985906885,"FEMALE",1,2,"laplata",0,1,0,0,0,0,0,1,1
"169",779,"Noe-2017-08-25-09-41","adult",25.58,-0.709282138868222,"FEMALE",1,2,"laplata",0,1,0,0,0,0,0,0,1
"170",780,"Noe-2017-08-25-09-48","adult",19.57,-1.12083306062791,"FEMALE",1,2,"laplata",0,1,0,0,0,0,0,1,1
"171",785,"Noe-2017-08-29-12-09","adult",42.69,0.462371150866927,"FEMALE",1,2,"laplata",0,1,0,0,0,0,0,0,0
"172",791,"Noe-2017-08-30-13-18","adult",57.62,1.48474307463933,"MALE",0,2,"laplata",0,1,0,0,0,0,0,1,1
"173",795,"Noe-2017-08-30-14-50","adult",37.14,0.082319966879196,"MALE",0,2,"laplata",0,1,0,0,0,0,0,1,1
"174",796,"Noe-2017-08-31-12-05","adult",27.71,-0.563424657445904,"MALE",0,2,"laplata",0,1,0,0,0,0,0,0,0
"175",797,"Noe-2017-09-03-15-27","adult",25.65,-0.70448870051162,"FEMALE",1,2,"laplata",0,1,0,0,0,0,0,1,1
"176",798,"Noe-2017-09-03-16-36","adult",20.21,-1.07700733851041,"MALE",0,2,"laplata",0,1,0,0,0,0,0,1,1
"177",799,"Noe-2017-09-03-17-03","adult",18.76,-1.17629999018288,"FEMALE",1,2,"laplata",0,1,0,0,0,0,0,0,1
"178",800,"Noe-2017-09-03-17-45","adult",19.03,-1.15781101366455,"MALE",0,2,"laplata",0,1,0,0,0,0,0,1,1
"179",801,"Noe-2017-09-03-20-34","adult",19.76,-1.10782229937428,"MALE",0,2,"laplata",0,1,0,0,0,0,0,1,1
"180",821,"Noe-2017-09-07-12-06","adult",20.6,-1.05030103909505,"MALE",0,2,"laplata",0,1,0,0,0,0,0,0,0
"181",822,"Noe-2017-09-08-14-01","adult",20.42,-1.0626270234406,"MALE",0,2,"laplata",0,1,0,0,0,0,0,1,1
"182",823,"Noe-2017-09-08-14-28","adult",19.42,-1.1311047142492,"MALE",0,2,"laplata",0,1,0,0,0,0,0,1,1
"183",824,"Noe-2017-09-08-15-43","adult",18.42,-1.1995824050578,"FEMALE",1,2,"laplata",0,1,0,0,0,0,0,1,1
"184",831,"Noe-2017-09-13-15-29","adult",39.56,0.248035978636009,"MALE",0,2,"laplata",0,1,0,0,0,0,0,1,1
"185",832,"Noe-2017-09-17-16-32","adult",65.51,2.02503205511918,"FEMALE",1,2,"laplata",0,1,0,0,0,0,0,1,1
"186",833,"Noe-2017-09-19-08-51","adult",37.04,0.0754721977983359,"MALE",0,2,"laplata",0,1,0,0,0,0,0,0,0
"187",834,"Noe-2017-09-19-10-02","adult",36.52,0.0398637985778641,"MALE",0,2,"laplata",0,1,0,0,0,0,0,0,0
"188",835,"Noe-2017-09-20-09-39","adult",69.6,2.30510581052636,"MALE",0,2,"laplata",0,1,0,0,0,0,0,1,1
"189",851,"Noe-2017-10-01-09-21","adult",34.39,-0.105993682844455,"MALE",0,2,"laplata",0,1,0,0,0,0,0,1,1
"190",852,"Noe-2017-10-01-10-05","adult",37.48,0.10560238175412,"MALE",0,2,"laplata",0,1,0,0,0,0,0,1,1
"191",853,"Noe-2017-10-01-11-06","adult",38.69,0.188460387632526,"FEMALE",1,2,"laplata",0,1,0,0,0,0,0,0,0
"192",854,"Noe-2017-10-01-15-10","adult",30.85,-0.348404708306899,"FEMALE",1,2,"laplata",0,1,0,0,0,0,0,1,1
"193",967,"Iris-2017-09-06-19-22","adult",57.69,1.48953651299593,"FEMALE",1,1,"berlin",1,0,0,0,0,0,0,1,1
"194",968,"Iris-2017-09-18-22-59","adult",41.68,0.393208683150241,"MALE",0,1,"berlin",1,0,0,0,0,0,0,1,1
"195",969,"Iris-2017-09-19-13-02","adult",59.15,1.58951394157649,"MALE",0,1,"berlin",1,0,0,0,0,0,0,1,1
"196",970,"Iris-2017-09-19-14-20","adult",70.44,2.36262707080558,"FEMALE",1,1,"berlin",1,0,0,0,0,0,0,1,1
"197",971,"Suheyla-2017-09-18-19-33","adult",50.11,0.970475616666741,"FEMALE",1,1,"berlin",1,0,0,0,0,0,0,1,0
"198",972,"Suheyla-2017-09-18-20-00","adult",71.1,2.40782234673926,"FEMALE",1,1,"berlin",1,0,0,0,0,0,0,1,1
"199",973,"Suheyla-2017-09-19-15-09","adult",35.91,-0.00190759281538251,"MALE",0,1,"berlin",1,0,0,0,0,0,0,1,1
"200",974,"Suheyla-2017-09-21-14-19","adult",25.19,-0.735988438283576,"FEMALE",1,1,"berlin",1,0,0,0,0,0,0,0,0
"201",975,"Suheyla-2017-09-21-14-50","adult",25.56,-0.710651692684394,"FEMALE",1,1,"berlin",1,0,0,0,0,0,0,0,0
"202",976,"Suheyla-2017-10-04-10-20","adult",35.86,-0.00533147735581232,"FEMALE",1,1,"berlin",1,0,0,0,0,0,0,1,1
"203",977,"Suheyla-2017-10-04-10-57","adult",22.37,-0.929095526363829,"FEMALE",1,1,"berlin",1,0,0,0,0,0,0,1,1
"204",978,"Suheyla-2017-10-08-13-52","adult",39.8,0.264470624430072,"FEMALE",1,1,"berlin",1,0,0,0,0,0,0,1,1
"205",979,"Suheyla-2017-10-08-13-27","adult",36.5,0.0384942447616918,"FEMALE",1,1,"berlin",1,0,0,0,0,0,0,1,1
"206",980,"Suheyla-2017-10-06-16-16","adult",33.68,-0.154612843318561,"MALE",0,1,"berlin",1,0,0,0,0,0,0,1,1
"207",981,"Iris-2017-09-21-18-04","adult",23.77,-0.833226759231789,"FEMALE",1,1,"berlin",1,0,0,0,0,0,0,1,1
"208",982,"Iris-2017-09-26-16-27","adult",32.57,-0.230623080116107,"MALE",0,1,"berlin",1,0,0,0,0,0,0,1,1
"209",983,"Iris-2017-10-05-16-15","adult",20.93,-1.02770340112821,"MALE",0,1,"berlin",1,0,0,0,0,0,0,1,1
"210",984,"Iris-2017-10-06-13-57","adult",60.37,1.67305672436298,"MALE",0,1,"berlin",1,0,0,0,0,0,0,1,1
"211",985,"Iris-2017-10-06-14-37","adult",37.04,0.0754721977983359,"FEMALE",1,1,"berlin",1,0,0,0,0,0,0,1,1
"212",986,"Iris-2017-10-11-14-12","adult",52.62,1.14235462059633,"FEMALE",1,1,"berlin",1,0,0,0,0,0,0,1,1
"213",987,"Iris-2017-10-11-14-54","adult",48.13,0.834889788865712,"MALE",0,1,"berlin",1,0,0,0,0,0,0,0,1
"214",988,"Iris-2017-10-18-14-05","adult",27.78,-0.558631219089302,"FEMALE",1,1,"berlin",1,0,0,0,0,0,0,1,1
"215",989,"Iris-2017-10-18-18-09","adult",51.76,1.08346380650093,"FEMALE",1,1,"berlin",1,0,0,0,0,0,0,1,1
"216",990,"Suheyla-2017-10-19-09-45","adult",27.33,-0.589446179953172,"MALE",0,1,"berlin",1,0,0,0,0,0,0,1,1
"217",991,"Suheyla-2017-10-18-14-25","adult",22.75,-0.903074003856561,"MALE",0,1,"berlin",1,0,0,0,0,0,0,1,1
"218",992,"Suheyla-2017-10-19-11-01","adult",27.61,-0.570272426526764,"MALE",0,1,"berlin",1,0,0,0,0,0,0,1,1
"219",993,"Suheyla-2017-10-17-11-00","adult",52.38,1.12591997480226,"MALE",0,1,"berlin",1,0,0,0,0,0,0,0,1
"220",994,"Suheyla-2017-10-17-10-34","adult",26.83,-0.623685025357472,"FEMALE",1,1,"berlin",1,0,0,0,0,0,0,0,1
"221",995,"Suheyla-2017-09-19-13-59","adult",66.36,2.08323809230649,"MALE",0,1,"berlin",1,0,0,0,0,0,0,0,1
"222",996,"Iris-2017-10-19-15-44","adult",29.82,-0.418936729839757,"MALE",0,1,"berlin",1,0,0,0,0,0,0,1,1
"223",997,"Iris-2017-10-19-16-02","adult",19.52,-1.12425694516834,"MALE",0,1,"berlin",1,0,0,0,0,0,0,0,0
"224",998,"Iris-2017-10-19-19-42","adult",24.32,-0.795564029287059,"FEMALE",1,1,"berlin",1,0,0,0,0,0,0,1,1
